seqno,type,city,countycode,name,localcallservice,address
1,環保餐廳,新北市,65000,31早午餐,02-82861790,新北市蘆洲區和平路171號
2,環保餐廳,新北市,65000,57黃燜雞(板橋大遠百),0988754052,新北市板橋區新站路28號B1
3,環保餐廳,新北市,65000,"Alessi Cafe ",02-29566768,新北市板橋區新站路28號
4,環保餐廳,新北市,65000,Apple203早午餐店-中和遠東,02-82261077,新北市中和區中正路738號
5,環保餐廳,新北市,65000,"B & G德國農莊複合式茶館",02-77054168,新北市板橋區新站路28號
6,環保餐廳,新北市,65000,BarAku,02-29698058,新北市板橋區縣民大道一段269號2樓
7,環保餐廳,新北市,65000,bb.q三重三和店,02-22861069,新北市三重區三和路四段３９８之１號一樓
8,環保餐廳,新北市,65000,bb.q中和中漢店,02-82282057,新北市中和區中山路三段186號
9,環保餐廳,新北市,65000,bb.q板橋板農店,02-22710016,新北市板橋區府中路29之1號
10,環保餐廳,新北市,65000,"Bellini Pasta Pasta 中和環球",0988629682,新北市中和區中山路三段122號4樓
11,環保餐廳,新北市,65000,"BinB書? Bar in Book",02-82510325,新北市板橋區民生路三段140號
12,環保餐廳,新北市,65000,"cama 中和環球",02-22230612,新北市中和區中山路三段122號3樓
13,環保餐廳,新北市,65000,"Cold Stone 中和環球",02-22211807,新北市中和區中山路三段122號B2樓
14,環保餐廳,新北市,65000,"Dear 40 Cafe",02-29177171,新北市新店區寶興路40號
15,環保餐廳,新北市,65000,"DRIP CAFE好滴咖啡-環球板橋車站店",02-29609288,新北市板橋區縣民大道二段七號2F
16,環保餐廳,新北市,65000,House.好食早餐店,02-29703375,新北市三重區福德里成功路106之1號
17,環保餐廳,新北市,65000,"Kali Chimaek 韓式炸雞",02-29647777,新北市板橋區中山路一段158巷21號
18,環保餐廳,新北市,65000,"Mami Cooking 中和環球店",0986750260,新北市中和區中山路三段122號B2樓
19,環保餐廳,新北市,65000,"MOMO PARADISE 中和環球",02-82286002,新北市中和區中山路三段122號4樓
20,環保餐廳,新北市,65000,"Mrs. Mapo麻婆豆腐 新店家樂福店",02-29115569,新北市新店區中興路三段1號1F
21,環保餐廳,新北市,65000,Party創作美食茶房,02-89211103,新北市永和區竹林路222號2樓
22,環保餐廳,新北市,65000,"petit doux 微兜  小碧潭店",02-29115998,新北市新店區新北市新店區中央路157號5樓
23,環保餐廳,新北市,65000,"Psyaq  Cikay Ma食坊",0916127010,新北市烏來區福山里卡拉模基26號
24,環保餐廳,新北市,65000,"Q Burger（總店）",02-89913667,新北市新莊區頭前路24號
25,環保餐廳,新北市,65000,"Q Burger八里中山店",02-26194767,新北市八里區中山路二段363號
26,環保餐廳,新北市,65000,"Q Burger三重力行店",02-29879488,新北市三重區力行路一段160號一樓及地下一樓
27,環保餐廳,新北市,65000,"Q Burger三重三民店",02-29869285,新北市三重區三民街298號
28,環保餐廳,新北市,65000,"Q Burger三重大智店",02-29883200,新北市三重區大智街55號
29,環保餐廳,新北市,65000,"Q Burger三重中正店",02-29856668,新北市三重區中正北路180號
30,環保餐廳,新北市,65000,"Q Burger三重中正南店",02-29746343,新北市三重區中正南路49號
31,環保餐廳,新北市,65000,"Q Burger三重仁政店",02-29886667,新北市三重區溪美里仁愛街349號
32,環保餐廳,新北市,65000,"Q Burger三重仁愛店",02-29860322,新北市三重區溪尾街269號
33,環保餐廳,新北市,65000,"Q Burger三重永福店",02-82878666,新北市三重區永福街172號
34,環保餐廳,新北市,65000,"Q Burger三重田安店",02-29840181,新北市三重區三民街71號1樓
35,環保餐廳,新北市,65000,"Q Burger三重光復店",02-29990935,新北市三重區光復路一段68巷22號
36,環保餐廳,新北市,65000,"Q Burger三重光興店",02-29740006,新北市三重區正義南路103號
37,環保餐廳,新北市,65000,"Q Burger三重自強店",02-29882918,新北市三重區自強路二段7號
38,環保餐廳,新北市,65000,"Q Burger三重忠孝店",02-29846788,新北市三重區忠孝路二段46號
39,環保餐廳,新北市,65000,"Q Burger三重長安店",02-29762393,新北市三重區長安街73號1樓
40,環保餐廳,新北市,65000,"Q Burger三重重陽店",02-89881667,新北市三重區重陽路43巷31號1樓
41,環保餐廳,新北市,65000,"Q Burger三重頂崁店",02-29843557,新北市三重區頂崁街188號
42,環保餐廳,新北市,65000,"Q Burger三重菜寮店",02-29880901,新北市三重區重新路三段93號1樓
43,環保餐廳,新北市,65000,"Q Burger三重集成店",02-29776785,新北市三重區集成路42號
44,環保餐廳,新北市,65000,"Q Burger三重慈愛店",02-22808853,新北市三重區慈愛街46號
45,環保餐廳,新北市,65000,"Q Burger三重福德南店",02-29755550,新北市三重區福德南路40號
46,環保餐廳,新北市,65000,"Q Burger三重龍門店",02-29772611,新北市三重區龍門路40號
47,環保餐廳,新北市,65000,"Q Burger三峽大同店",02-26740031,新北市三峽區介壽里大同路1-4號1樓
48,環保餐廳,新北市,65000,"Q Burger三峽中華店",02-86719007,新北市三峽區安溪里中華路46-2號
49,環保餐廳,新北市,65000,"Q Burger三峽文化店",02-26738182,新北市三峽區文化路266之13號1樓
50,環保餐廳,新北市,65000,"Q Burger三峽北大店",02-26737288,新北市三峽區國際二街37號
51,環保餐廳,新北市,65000,"Q Burger三峽復興店",02-86717069,新北市三峽區復興路30號1樓
52,環保餐廳,新北市,65000,"Q Burger土城永豐店",02-22707050,新北市土城區永豐路135巷10號1樓
53,環保餐廳,新北市,65000,"Q Burger土城立德店",02-22632929,新北市土城區延和路54號
54,環保餐廳,新北市,65000,"Q Burger土城延吉店",02-82610582,新北市土城區延吉街312號
55,環保餐廳,新北市,65000,"Q Burger土城延和店",02-22631515,新北市土城區延和路115號1樓
56,環保餐廳,新北市,65000,"Q Burger土城青雲店",02-22730363,新北市土城區青雲路238號1樓
57,環保餐廳,新北市,65000,"Q Burger土城員林店",02-82610003,新北市土城區員林街10之2號一樓
58,環保餐廳,新北市,65000,"Q Burger土城廣興店",02-89661116,新北市土城區廣興街33號1樓
59,環保餐廳,新北市,65000,"Q Burger土城學成店",02-82731862,新北市土城區學成路47號
60,環保餐廳,新北市,65000,"Q Burger中和大仁店",02-86680138,新北市中和區大仁街19巷6號1樓
61,環保餐廳,新北市,65000,"Q Burger中和中山店",02-82211126,新北市中和區員山路454號
62,環保餐廳,新北市,65000,"Q Burger中和中興店",02-22429011,新北市中和區中興街163號1樓+地下室
63,環保餐廳,新北市,65000,"Q Burger中和仁愛店",02-29436889,新北市中和區仁愛街102號
64,環保餐廳,新北市,65000,"Q Burger中和民生店",02-29550810,新北市中和區民生街85巷1弄2號
65,環保餐廳,新北市,65000,"Q Burger中和民享店",02-82282005,新北市中和區民享街86巷3號1樓
66,環保餐廳,新北市,65000,"Q Burger中和自立店",02-29488588,新北市中和區自立路76號一樓
67,環保餐廳,新北市,65000,"Q Burger中和秀朗店"," 02-29222380",新北市中和區秀朗路三段48號1樓
68,環保餐廳,新北市,65000,"Q Burger中和秀福店",02-29430512,新北市中和區更生街7號1樓
69,環保餐廳,新北市,65000,"Q Burger中和宜安店",02-29470125,新北市中和區宜安路25號
70,環保餐廳,新北市,65000,"Q Burger中和板南店",02-22466351,新北市中和區連城路219巷1號
71,環保餐廳,新北市,65000,"Q Burger中和保健店",02-22460690,新北市中和區景安路22號1樓
72,環保餐廳,新北市,65000,"Q Burger中和南山店",02-22439007,新北市中和區南山路161號1樓
73,環保餐廳,新北市,65000,"Q Burger中和南勢角店",02-29470520,新北市中和區南山路174-2號
74,環保餐廳,新北市,65000,"Q Burger中和建一店",02-82282132,新北市中和區建一路157號1樓
75,環保餐廳,新北市,65000,"Q Burger中和員山店",02-82286062,新北市中和區員山路395號
76,環保餐廳,新北市,65000,"Q Burger中和泰和店",02-22466060,新北市中和區泰和街22號
77,環保餐廳,新北市,65000,"Q Burger中和連城店",02-22219606,新北市中和區連城路469巷17號
78,環保餐廳,新北市,65000,"Q Burger中和復興店",02-29462197,新北市中和區復興路54號
79,環保餐廳,新北市,65000,"Q Burger中和景安店",02-86682175,新北市中和區景新街175號1樓
80,環保餐廳,新北市,65000,"Q Burger中和景新店",02-86689008,新北市中和區景平路111巷61弄21號
81,環保餐廳,新北市,65000,"Q Burger中和景德店",02-29402661,新北市中和區景德街43號1樓
82,環保餐廳,新北市,65000,"Q Burger中和華順店",02-29620685,新北市中和區華順街120號1樓
83,環保餐廳,新北市,65000,"Q Burger中和圓通店",02-22427298,新北市中和區圓通路112號1樓
84,環保餐廳,新北市,65000,"Q Burger中和福美店",02-22490131,新北市中和區福善里福美路313號
85,環保餐廳,新北市,65000,"Q Burger中和廣福店",02-82458286,新北市中和區廣福路82號
86,環保餐廳,新北市,65000,"Q Burger中和興南店",02-86683877,新北市中和區興南路二段69號
87,環保餐廳,新北市,65000,"Q Burger中和環球店",02-82215555,新北市中和區民享街6號
88,環保餐廳,新北市,65000,"Q Burger五股工商店",02-22941002,新北市五股區工商路193號1樓
89,環保餐廳,新北市,65000,"Q Burger五股成洲店",02-22918228,新北市五股區成泰路三段577巷43號1樓
90,環保餐廳,新北市,65000,"Q Burger五股成泰店",02-29096663,新北市五股區成泰路一段47號
91,環保餐廳,新北市,65000,"Q Burger五股西雲店",02-22935777,新北市五股區西雲路241號1樓
92,環保餐廳,新北市,65000,"Q Burger五股洲子洋店",02-22921599,新北市五股區成泰路三段201號
93,環保餐廳,新北市,65000,"Q Burger五股國小店",02-82922183,新北市五股區成泰路二段108號
94,環保餐廳,新北市,65000,"Q Burger永和永元店",02-29265857,新北市永和區永元路124號
95,環保餐廳,新北市,65000,"Q Burger永和永平店",02-29295009,新北市永和區永平路250號
96,環保餐廳,新北市,65000,"Q Burger永和永亨店",02-29202227,新北市永和區永亨路107號
97,環保餐廳,新北市,65000,"Q Burger永和永利店",02-22320310,新北市永和區永利路3號1樓
98,環保餐廳,新北市,65000,"Q Burger永和永貞店",02-29262971,新北市永和區永貞路355巷2號
99,環保餐廳,新北市,65000,"Q Burger永和信義店",02-29214352,新北市永和區信義路93號1樓
100,環保餐廳,新北市,65000,"Q Burger永和得和店",02-86681921,新北市永和區得和路172號1樓
101,環保餐廳,新北市,65000,"Q Burger汐止秀峰店",02-26430098,新北市汐止區仁愛路26號1樓
102,環保餐廳,新北市,65000,"Q Burger汐止明峰店",02-26932023,新北市汐止區明峰街125-3號1樓
103,環保餐廳,新北市,65000,"Q Burger汐止連興店",02-26919516,新北市汐止區連興街73號1樓
104,環保餐廳,新北市,65000,"Q Burger汐止福德店",02-26957300,新北市汐止區福德二路140號
105,環保餐廳,新北市,65000,"Q Burger汐止綠多店",02-26430058,新北市汐止區仁愛路162號1樓
106,環保餐廳,新北市,65000,"Q Burger汐止樟樹店",02-86916631,新北市汐止區樟樹一路130號
107,環保餐廳,新北市,65000,"Q Burger林口中山店",02-26026033,新北市林口區中山路3號1樓
108,環保餐廳,新北市,65000,"Q Burger林口仁愛店",02-26016558,新北市林口區西林里仁愛路二段150號
109,環保餐廳,新北市,65000,"Q Burger林口國小店",02-26012712,新北市林口區中山路156-1號一樓
110,環保餐廳,新北市,65000,"Q Burger板橋大仁店",02-29666587,新北市板橋區大仁街26號1樓
111,環保餐廳,新北市,65000,"Q Burger板橋中山店",02-29552958,新北市板橋區東丘里中山路２段９０巷１２號
112,環保餐廳,新北市,65000,"Q Burger板橋介壽店",02-22553597,新北市板橋區介壽街17號1樓
113,環保餐廳,新北市,65000,"Q Burger板橋文聖店",02-22500123,新北市板橋區文聖街142號
114,環保餐廳,新北市,65000,"Q Burger板橋四維店",02-22551055,新北市板橋區四維路308號
115,環保餐廳,新北市,65000,"Q Burger板橋民治店",02-22502901,新北市板橋區民治街63號1樓
116,環保餐廳,新北市,65000,"Q Burger板橋永豐店",02-29580337,新北市板橋區永豐街115號
117,環保餐廳,新北市,65000,"Q Burger板橋吳鳳店",02-22572358,新北市板橋區吳鳳路68號
118,環保餐廳,新北市,65000,"Q Burger板橋金園店",02-26818787,新北市板橋區金門街171號
119,環保餐廳,新北市,65000,"Q Burger板橋長安店",02-29590700,新北市板橋區長安街210之1號
120,環保餐廳,新北市,65000,"Q Burger板橋英士店",02-22580533,新北市板橋區英士路70號
121,環保餐廳,新北市,65000,"Q Burger板橋重慶店",02-89523866,新北市板橋區重慶路108號
122,環保餐廳,新北市,65000,"Q Burger板橋海山店",02-29546666,新北市板橋區漢生東路193巷7號1樓
123,環保餐廳,新北市,65000,"Q Burger板橋國光店",02-29684685,新北市板橋區國光路183號
124,環保餐廳,新北市,65000,"Q Burger板橋國慶店",02-29511321,新北市板橋區國慶路161之5號
125,環保餐廳,新北市,65000,"Q Burger板橋莊敬店",02-22555663,新北市板橋區莊敬路134號
126,環保餐廳,新北市,65000,"Q Burger板橋華興店",02-29522710,新北市板橋區華興街40號
127,環保餐廳,新北市,65000,"Q Burger板橋僑中店",02-82752908,新北市板橋區僑中一街90號1樓
128,環保餐廳,新北市,65000,"Q Burger板橋廣和店",02-29646679,新北市板橋區廣和街73號1樓
129,環保餐廳,新北市,65000,"Q Burger板橋龍泉店",02-22570118,新北市板橋區龍泉街83號
130,環保餐廳,新北市,65000,"Q Burger板橋懷德店",02-22563030,新北市板橋區懷德街160號
131,環保餐廳,新北市,65000,"Q Burger泰山全興店",02-22970930,新北市泰山區全興路105號
132,環保餐廳,新北市,65000,"Q Burger泰山明志店",02-29081667,新北市泰山區明志路2段353號
133,環保餐廳,新北市,65000,"Q Burger泰山泰林店",02-29090097,新北市泰山區泰林路二段475號1樓
134,環保餐廳,新北市,65000,"Q Burger泰山泰高店",02-22960737,新北市泰山區明志路一段433號一樓
135,環保餐廳,新北市,65000,"Q Burger泰山義學店",02-29002131,新北市泰山區明志路2段101號
136,環保餐廳,新北市,65000,"Q Burger國隆總店店",02-89837007,新北市三重區國隆路26號
137,環保餐廳,新北市,65000,"Q Burger淡水中山北店",02-26201186,新北市淡水區中山北路一段149巷28號
138,環保餐廳,新北市,65000,"Q Burger淡水新民店",02-26262060,新北市淡水區新民街65號
139,環保餐廳,新北市,65000,"Q Burger淡水學府店",02-86315056,新北市淡水區學府路85號
140,環保餐廳,新北市,65000,"Q Burger創英店",02-29999589,新北市三重區中興北街236號
141,環保餐廳,新北市,65000,"Q Burger新北五工店",02-22981080,新北市新莊區五工二路95號
142,環保餐廳,新北市,65000,"Q Burger新店三民店",02-89110352,新北市新店區三民路121號1樓
143,環保餐廳,新北市,65000,"Q Burger新店大豐店",02-89146488,新北市新店區大豐路16巷2號
144,環保餐廳,新北市,65000,"Q Burger新店中正店",02-86673625,新北市新店區中正路546號1樓
145,環保餐廳,新北市,65000,"Q Burger新店中華店",02-29120298,新北市新店區中華路39號
146,環保餐廳,新北市,65000,"Q Burger新店安民店",02-22120652,新北市新店區安民街300號一樓
147,環保餐廳,新北市,65000,"Q Burger新店安康店",02-86663040,新北市新店區安康路二段107巷1號
148,環保餐廳,新北市,65000,"Q Burger新店玫瑰店",02-22126673,新北市新店區安康路三段30號一樓
149,環保餐廳,新北市,65000,"Q Burger新店建國店",02-22188372,新北市新店區建國路189號1樓
150,環保餐廳,新北市,65000,"Q Burger新店建興店",02-29115618,新北市新店區建國路72號
151,環保餐廳,新北市,65000,"Q Burger新莊中平店",02-29979188,新北市新莊區中平路82巷10號
152,環保餐廳,新北市,65000,"Q Burger新莊中信店",02-29902295,新北市新莊區中信街18號
153,環保餐廳,新北市,65000,"Q Burger新莊中美店",02-29961570,新北市新莊區中港路179號
154,環保餐廳,新北市,65000,"Q Burger新莊中港店",02-22791117,新北市新莊區中港路419號
155,環保餐廳,新北市,65000,"Q Burger新莊中華店",02-29963313,新北市新莊區中華路一段45巷2號
156,環保餐廳,新北市,65000,"Q Burger新莊中榮店",02-29918006,新北市新莊區中榮街58號1樓
157,環保餐廳,新北市,65000,"Q Burger新莊化成店",02-29906004,新北市新莊區化成路31號
158,環保餐廳,新北市,65000,"Q Burger新莊民本店",02-22081229,新北市新莊區民本街22號
159,環保餐廳,新北市,65000,"Q Burger新莊民安店",02-22020252,新北市新莊區民安路35號
160,環保餐廳,新北市,65000,"Q Burger新莊立信店",02-22777909,"新北市新莊區立信三街12巷12號 1樓"
161,環保餐廳,新北市,65000,"Q Burger新莊光明店",02-22035686,新北市新莊區民安西路256號1樓
162,環保餐廳,新北市,65000,"Q Burger新莊成德店",02-22080936,新北市新莊區成德街8號
163,環保餐廳,新北市,65000,"Q Burger新莊自立店",02-29927886,新北市新莊區自立街190號
164,環保餐廳,新北市,65000,"Q Burger新莊昌明店",02-89921802,新北市新莊區昌明街28號
165,環保餐廳,新北市,65000,"Q Burger新莊建中店",02-29922626,新北市新莊區建中街86號
166,環保餐廳,新北市,65000,"Q Burger新莊建安店",02-22012300,新北市新莊區建安街45號1樓
167,環保餐廳,新北市,65000,"Q Burger新莊國小店",02-22771516,新北市新莊區中港路50號
168,環保餐廳,新北市,65000,"Q Burger新莊新豐店",02-22010220,新北市新莊區新豐街25號1樓
169,環保餐廳,新北市,65000,"Q Burger新莊裕民店",02-29015532,新北市新莊區裕民街128號
170,環保餐廳,新北市,65000,"Q Burger新莊輔大店",02-29015291,新北市新莊區福營路93號
171,環保餐廳,新北市,65000,"Q Burger新莊頭前店",02-85213381,新北市新莊區頭前里化成路319號
172,環保餐廳,新北市,65000,"Q Burger新莊雙鳳店",02-29081680,新北市新莊區雙鳳路23號1樓
173,環保餐廳,新北市,65000,"Q Burger樹林三福店",02-26880015,新北市樹林區三福街144號
174,環保餐廳,新北市,65000,"Q Burger樹林千歲店",02-26851910,新北市樹林區千歲街12號
175,環保餐廳,新北市,65000,"Q Burger樹林大有店",02-26800083,新北市樹林區大有路118號
176,環保餐廳,新北市,65000,"Q Burger樹林太順店",02-86860151,新北市樹林區太順街47號
177,環保餐廳,新北市,65000,"Q Burger樹林日新店",02-26852697,新北市樹林區日新街67號
178,環保餐廳,新北市,65000,"Q Burger樹林育英店",02-26851719,新北市樹林區育英街146號
179,環保餐廳,新北市,65000,"Q Burger樹林保安店",02-26889990,新北市樹林區保安街二段115號1樓
180,環保餐廳,新北市,65000,"Q Burger蘆洲三民店",02-28480213,新北市蘆洲區民族路429號
181,環保餐廳,新北市,65000,"Q Burger蘆洲中山店",02-22885811,新北市蘆洲區中山二路179號1樓
182,環保餐廳,新北市,65000,"Q Burger蘆洲中原店",02-22831717,新北市蘆洲區中原路24號
183,環保餐廳,新北市,65000,"Q Burger蘆洲中興店",02-82857757,新北市蘆洲區中興街181號
184,環保餐廳,新北市,65000,"Q Burger蘆洲民族店",02-22888383,新北市蘆洲區民族路357號
185,環保餐廳,新北市,65000,"Q Burger蘆洲永平店",02-82828616,新北市蘆洲區永平街32巷15號一樓
186,環保餐廳,新北市,65000,"Q Burger蘆洲光華店",02-22853131,新北市蘆洲區中正路185巷31弄1號
187,環保餐廳,新北市,65000,"Q Burger蘆洲成功店",02-22880695,新北市蘆洲區長安街268號
188,環保餐廳,新北市,65000,"Q Burger蘆洲長安店",02-22882985,新北市蘆洲區長安街53號
189,環保餐廳,新北市,65000,"Q Burger蘆洲長興店",02-22882835,新北市蘆洲區長興路265號
190,環保餐廳,新北市,65000,"Q Burger蘆洲信義店",02-28487578,新北市蘆洲區信義路245號
191,環保餐廳,新北市,65000,"Q Burger蘆洲復興店",02-82859155,新北市蘆洲區復興路83號
192,環保餐廳,新北市,65000,"Q Burger蘆洲鷺江店",02-22880500,新北市蘆洲區鷺江街95號
193,環保餐廳,新北市,65000,"Q Burger鶯歌南雅店",02-86776886,新北市鶯歌區南雅路447號1樓
194,環保餐廳,新北市,65000,SKYLARK加州風洋食館-新店家樂福店,-,新北市新店區中興路3段1號7樓
195,環保餐廳,新北市,65000,"TGIFridays環球餐廳 中和環球",02-22253578,新北市中和區中山路三段122號4樓
196,環保餐廳,新北市,65000,TINA廚房－鶯歌店,02-26772859,新北市鶯歌區尖山路5號
197,環保餐廳,新北市,65000,YAYOI彌生軒-環球板橋車站店,02-89693056,新北市板橋區縣民大道二段7號2樓
198,環保餐廳,新北市,65000,一幻拉麵/胡同居酒屋-環球板橋車站店,02-89693132,新北市板橋區縣民大道二段7號2F
199,環保餐廳,新北市,65000,九如-中和環球,02-22218223,新北市中和區中山路三段122號
200,環保餐廳,新北市,65000,八方雲集三重三民店,02-29887158,新北市三重區三民街285號1樓
201,環保餐廳,新北市,65000,八王子,02-77054168,新北市板橋區新站路28號
202,環保餐廳,新北市,65000,"八色烤肉mini 中和環球",02-22235005,新北市中和區中山路三段122號3樓
203,環保餐廳,新北市,65000,八町目燒肉丼定食-板橋大遠百,0910409716,新北市板橋區新站路28號B1
204,環保餐廳,新北市,65000,"八番赤野 中和環球",0989799741,新北市中和區中山路三段122號3樓
205,環保餐廳,新北市,65000,三才靈芝生態農場民宿,02-26633995,新北市石碇區中民村十八重溪52-1號
206,環保餐廳,新北市,65000,三合院。早午餐,02-86666087,新北市新店區安康路一段227號
207,環保餐廳,新北市,65000,"三年五班 中和環球",0902356950,新北市中和區中山路三段122號B2樓
208,環保餐廳,新北市,65000,三葉活海鮮餐廳,02-24923132,新北市萬里區港東路74-16號
209,環保餐廳,新北市,65000,下港老麵攤,02-29919292,新北市新莊區中港路457號1樓
210,環保餐廳,新北市,65000,上環茶餐廳,02-29202088,新北市永和區中山路一段126號
211,環保餐廳,新北市,65000,上癮河粉(板橋大遠百),02-77553567,新北市板橋區新站路28號B1
212,環保餐廳,新北市,65000,"丸?製麵 中和環球",0800000063,新北市中和區中山路三段122號3樓
213,環保餐廳,新北市,65000,土司工坊,02-29589671,新北市板橋區新站路28號
214,環保餐廳,新北市,65000,"大心 中和環球店",02-22216389,新北市中和區中山路三段122號B2樓
215,環保餐廳,新北市,65000,大戶屋中和環球店,02-22216266,新北市中和區中山路三段122號B2樓
216,環保餐廳,新北市,65000,大戶屋永和比漾店,02-22315658,新北市永和區中山路一段238號3樓
217,環保餐廳,新北市,65000,大戶屋板橋愛買店,02-29513303,新北市板橋區貴興路101號3樓
218,環保餐廳,新北市,65000,大戶屋板橋遠百中山店,02-29561238,新北市板橋區中山路一段152號12樓
219,環保餐廳,新北市,65000,大戶屋新店小碧潭店,02-89137968,新北市新店區中央路157號5樓
220,環保餐廳,新北市,65000,大戶屋新店家樂福店,02-29113199,新北市新店區中興路三段1號6樓
221,環保餐廳,新北市,65000,大戶屋新莊佳瑪店,02-29920355,新北市新莊區幸福路736號B1
222,環保餐廳,新北市,65000,大戶屋蘆洲家樂福店,02-82871080,新北市三重區五華街282號4樓
223,環保餐廳,新北市,65000,大吃一斤活蝦餐廳,0975147848,新北市三重區自強路一段222號
224,環保餐廳,新北市,65000,女皇餐廳,02-24922049,新北市萬里區港東路163號
225,環保餐廳,新北市,65000,"小南門傳統美食 中和環球",02-77313631,新北市中和區中山路三段122號3樓
226,環保餐廳,新北市,65000,"小食聊聊 Brunch ",02-82851231,新北市蘆洲區中山二路147號
227,環保餐廳,新北市,65000,小倆口麵線王(新店店),02-29134839,新北市新店區中正路189巷8號
228,環保餐廳,新北市,65000,"小福利麻辣鍋 中和環球",02-22263686,新北市中和區中山路三段122號4樓
229,環保餐廳,新北市,65000,山野居蔬食-板橋大遠百,0916970870,新北市板橋區新站路28號
230,環保餐廳,新北市,65000,山間倉房,02-29406696,新北市中和區興南路二段399巷124號
231,環保餐廳,新北市,65000,山頭火板橋大遠百店,02-77054168,新北市板橋區新站路28號
232,環保餐廳,新北市,65000,中華電信學院員工餐廳,02-29639318,新北市板橋區民族路168號
233,環保餐廳,新北市,65000,中環茶餐廳,02-26095308,新北市林口區文化三路二段185號
234,環保餐廳,新北市,65000,六堆文山新客家料理,02-26669369,新北市新店區湖子內路100號
235,環保餐廳,新北市,65000,友信海鮮餐廳,02-24977777,新北市瑞芳區深澳路189之7號
236,環保餐廳,新北市,65000,"天仁茗茶 中和環球",02-77317377,新北市中和區中山路三段122號3樓
237,環保餐廳,新北市,65000,天空小品,02-26257366,新北市淡水區忠寮里竹圍子8-17號
238,環保餐廳,新北市,65000,天然茶莊,02-26603762,新北市汐止區汐碇路380巷30號
239,環保餐廳,新北市,65000,心心精緻早午餐,02-22049135,新北市新莊區瓊泰路158號1樓
240,環保餐廳,新北市,65000,文昌小老弟糟粕醋火鍋,02-29276999,新北市永和區中山路一段13號2樓
241,環保餐廳,新北市,65000,文林早餐店,02-26873339,新北市樹林區千歲街61巷40弄2號
242,環保餐廳,新北市,65000,日出茶太,02-82213316,新北市中和區中山路三段122號3F
243,環保餐廳,新北市,65000,"日出茶太 中和環球",02-82213316,新北市中和區中山路三段122號3樓
244,環保餐廳,新北市,65000,"牛丼快餐 ",02-22482482,新北市中和區中山路二段40號
245,環保餐廳,新北市,65000,牛角燒肉專門店-中和環球店,02-22226599,新北市中和區中山路三段122號4樓
246,環保餐廳,新北市,65000,牛魔王牛排館(板橋大遠百),02-33652366,新北市板橋區新站路28號B1
247,環保餐廳,新北市,65000,王水成,02-26629118,新北市深坑區深坑街118號
248,環保餐廳,新北市,65000,主悅海鮮料理,02-26381749,新北市石門區崁子腳41之2號
249,環保餐廳,新北市,65000,兄弟食堂,02-24986458,新北市金山區金包里街2號
250,環保餐廳,新北市,65000,加納富魚食坊,02-26616560,新北市烏來區信賢里信福路12號之3
251,環保餐廳,新北市,65000,北投國華高爾夫俱樂部餐廳,02-86261281,新北市淡水區坪頂里小坪頂23-1號
252,環保餐廳,新北市,65000,占元府新台式潮鍋,02-26931539,新北市板橋區新站路28號B1
253,環保餐廳,新北市,65000,可口188複合式早午餐,02-22833342,新北市蘆洲區永平街18巷8號1F
254,環保餐廳,新北市,65000,"古拉爵 義式屋-林口三井店",02-26069130,新北市林口區文化三路1段356號2樓
255,環保餐廳,新北市,65000,"古拉爵 義式屋-板橋大遠百新站店",02-29511606,新北市板橋區新站路28號9樓
256,環保餐廳,新北市,65000,"古拉爵 義式屋-板橋愛買店",02-29644886,新北市板橋區貴興路101號3樓
257,環保餐廳,新北市,65000,"古拉爵 義式屋-家樂福重新店",02-85124712,新北市三重區重新路5段654號B1
258,環保餐廳,新北市,65000,"古拉爵 義式屋-新店家樂福店",02-29144822,新北市新店區中興路3段1號7樓
259,環保餐廳,新北市,65000,古都餐廳,02-22709535,新北市土城區中華路2段257號
260,環保餐廳,新北市,65000,台灣壽司郎股份有限公司-新北中和環球店,02-22212010,新北市中和區中山路三段122號B2樓
261,環保餐廳,新北市,65000,四姊妹海鮮餐廳,02-24921602,新北市萬里區野柳村港東路160號
262,環保餐廳,新北市,65000,巧滋小廚早午餐,0965731905,新北市板橋區莒光路8號1樓
263,環保餐廳,新北市,65000,"布拉德施維根廚房 Brother Su Vegan Kitchen",-,新北市中和區南華路29號
264,環保餐廳,新北市,65000,弘爺漢堡-新莊信義店,02-29908418,新北市新莊區公園一路98號
265,環保餐廳,新北市,65000,本田食堂,02-77054168,新北市板橋區新站路28號
266,環保餐廳,新北市,65000,玉山銀行(希望大樓)員工餐廳,02-21751313#8181,新北市三重區中興北街42巷17弄10號
267,環保餐廳,新北市,65000,"瓦城 中和環球",02-77317778,新北市中和區中山路三段122號4樓
268,環保餐廳,新北市,65000,瓦城泰國料理板橋遠百店,02-29589133,新北市板橋區中山路一段152號13樓
269,環保餐廳,新北市,65000,甘樂食堂,02-26731857,新北市三峽區清水街317號
270,環保餐廳,新北市,65000,田中芳園養生食坊,02-24982385,新北市金山區清水路53號
271,環保餐廳,新北市,65000,"白日夢Tea & Cafe",02-26380045,新北市石門區阿里荖47-2號
272,環保餐廳,新北市,65000,仨食三餐,02-26823823,新北市樹林區千歲街61巷36-1號1樓
273,環保餐廳,新北市,65000,伊莎貝拉海灘咖啡館,02-86352262,新北市石門區15號
274,環保餐廳,新北市,65000,光復樓小吃店,02-26621508,新北市深坑區深坑街137號
275,環保餐廳,新北市,65000,"全 壽司丼飯煮物(永和店)",02-89215959,新北市永和區中興街55號
276,環保餐廳,新北市,65000,再一塊吧ing永和店,0936931262,新北市永和區得和路20號
277,環保餐廳,新北市,65000,吉可堡早餐店,02-26763998,新北市樹林區俊英街113-1號
278,環保餐廳,新北市,65000,吉得堡早餐店-和平店,0920388655,新北市板橋區和平路66號
279,環保餐廳,新北市,65000,吉得堡東興店,02-86845389,新北市樹林區東興街12之1號
280,環保餐廳,新北市,65000,吉得堡-錦秀店,02-22154682,新北市新店區錦秀路22號1樓
281,環保餐廳,新北市,65000,合歡茶宴風味餐廳,02-26656424,新北市坪林區水聳淒坑28號
282,環保餐廳,新北市,65000,在哪裡Cafe?Deli,02-89210023,新北市永和區秀朗路一段233號
283,環保餐廳,新北市,65000,多米葉漢堡,02-26802008,新北市樹林區佳園路2段104號
284,環保餐廳,新北市,65000,好好時光公益咖啡館,02-26012485,新北市林口區文化一路一段207之1號
285,環保餐廳,新北市,65000,"好味道 排骨大王(永和店)",02-29226166,新北市永和區中正路548之2號
286,環保餐廳,新北市,65000,好家園,02-26648779,新北市深坑區深坑街141號
287,環保餐廳,新北市,65000,好茶饌茶館,02-26658000,新北市坪林區北宜路八段218號
288,環保餐廳,新北市,65000,好鄰居小吃店,02-26623229,新北市深坑區深坑街147號一樓
289,環保餐廳,新北市,65000,好餓早餐,02-82217996,新北市中和區連城路403號
290,環保餐廳,新北市,65000,"宇禾田宴會館 ",02-22433339,新北市中和區中山路二段311號3~5樓
291,環保餐廳,新北市,65000,"宇禾田鐵板燒 ",02-22433339,新北市中和區中山路二段311號
292,環保餐廳,新北市,65000,早上好早午餐,0937513435,新北市永和區竹林路101號1樓
293,環保餐廳,新北市,65000,早安公雞農場晨食(土城店),02-82616068,新北市土城區明德路二段106號
294,環保餐廳,新北市,65000,早安公雞農場晨食(新莊民安店),02-22042606,新北市新莊區民安西路277號
295,環保餐廳,新北市,65000,早到甜早午餐,02-28472461,新北市蘆洲區長安街108巷5弄2號
296,環保餐廳,新北市,65000,早饗食,02-29800660,新北市三重區中正北路272號
297,環保餐廳,新北市,65000,有汁牛麵食,02-29622221,新北市板橋區三民路二段153巷4號一樓
298,環保餐廳,新北市,65000,有種,0954077879,新北市坪林區漁光里坪雙路2段11號之5
299,環保餐廳,新北市,65000,"朴庶韓國銅盤烤肉 樹林秀泰店",02-26863377,新北市樹林區樹新路40-6號七樓
300,環保餐廳,新北市,65000,"朱記餡餅粥 中和環球",02-82211233,新北市中和區中山路三段122號3樓
301,環保餐廳,新北市,65000,米可廚房,02-22076010,新北市新莊區新樹路625號一樓
302,環保餐廳,新北市,65000,"米炭火燒肉小酒館 迴龍店",02-29088787,新北市新莊區新北市新莊區中正路891-17號
303,環保餐廳,新北市,65000,米勒卡早午餐,02-22084480,新北市新莊區建安街9巷12號
304,環保餐廳,新北市,65000,老地方豆腐美食,02-26623323,新北市深坑區深坑街143號
305,環保餐廳,新北市,65000,老乾杯板橋大遠百店,02-29526466,新北市板橋區新北市板橋區新站路28號11樓
306,環保餐廳,新北市,65000,老礦工食堂,02-29314996,新北市瑞芳區金瓜石祈堂路72-1號
307,環保餐廳,新北市,65000,肉劇場大食代板橋店,02-29626262,新北市板橋區新站路28號
308,環保餐廳,新北市,65000,妞蛋吐司早午餐,02-22027707,新北市新莊區民安東路176號1樓
309,環保餐廳,新北市,65000,"沙巴家 新北板橋店",0926656376,新北市板橋區懷德街65號
310,環保餐廳,新北市,65000,汪汪地瓜園產業故事館,02-24986763,新北市萬里區大鵬里加投197-6號
311,環保餐廳,新北市,65000,私嚐吃飯-北大店,02-26689700,新北市樹林區學勤路322號1樓
312,環保餐廳,新北市,65000,豆司苑咖啡,02-29497910,新北市中和區南山路320巷3號
313,環保餐廳,新北市,65000,豆韻,0968297838,新北市中和區安平路218號
314,環保餐廳,新北市,65000,邑朵早午餐,02-29578182,新北市板橋區中山路二段89巷12號
315,環保餐廳,新北市,65000,亞尼克-環球中和店,02-82214837,新北市中和區中山路三段122號1樓
316,環保餐廳,新北市,65000,亞瑟蘭印度料理,02-28343303,新北市板橋區新站路28號B1
317,環保餐廳,新北市,65000,享健康食坊,02-28094661#3014,新北市淡水區民生路45號
318,環保餐廳,新北市,65000,京都勝牛-環球板橋車站店,02-29665589,新北市板橋區縣民大道二段7號2樓
319,環保餐廳,新北市,65000,咖哩樹-板橋環球店,02-29602727,新北市板橋區縣民大道二段七號B1
320,環保餐廳,新北市,65000,呷尚寶-華順店,021-29535252,新北市中和區華順街133號
321,環保餐廳,新北市,65000,和王日式炭火燒肉,02-29276999,新北市永和區中山路一段13號
322,環保餐廳,新北市,65000,周廚牛肉麵(板橋大遠百),02-23611999#894,新北市板橋區新站路28號B1
323,環保餐廳,新北市,65000,坪感覺,02-26657210,新北市坪林區坪林街12號
324,環保餐廳,新北市,65000,帕彼手作早餐坊,02-29881313,新北市三重區三和路三段188號
325,環保餐廳,新北市,65000,幸福時光-蘆洲店,0952176277,新北市蘆洲區信義路222巷20號
326,環保餐廳,新北市,65000,幸福讚精品飯店,02-29976688,新北市新莊區思源路332巷9號
327,環保餐廳,新北市,65000,府城台南美食,02-29596739,新北市板橋區新站路28號
328,環保餐廳,新北市,65000,明志科大第二餐廳,02-26890808,新北市泰山區工專路84號
329,環保餐廳,新北市,65000,明志科技大學學生餐廳,02-29083309,新北市泰山區工專路84號
330,環保餐廳,新北市,65000,明緯員工餐廳,02-22996100#118,新北市五股區五權三路28號
331,環保餐廳,新北市,65000,東道飲食亭,0928350605,新北市三峽區仁愛街7號
332,環保餐廳,新北市,65000,果然匯-板橋遠百店,02-29562888,"新北市板橋區中山路一段152號11樓 (遠百中山店)"
333,環保餐廳,新北市,65000,林口康橋學生餐廳,02-26015442,新北市林口區興林路55號
334,環保餐廳,新北市,65000,板大八番小雞,02-77054168,新北市板橋區新站路28號
335,環保餐廳,新北市,65000,板大八番赤野,02-77054168,新北市板橋區新站路28號
336,環保餐廳,新北市,65000,板橋凱撒大飯店(大廳酒吧),02-89539777,新北市板橋區縣民大道二段8號
337,環保餐廳,新北市,65000,板橋凱撒大飯店(卡拉拉餐廳),02-89539777,新北市板橋區縣民大道二段8號
338,環保餐廳,新北市,65000,板橋凱撒大飯店(家宴中餐廳),02-89539777,新北市板橋區縣民大道二段8號
339,環保餐廳,新北市,65000,欣葉小聚中和環球店,02-32345858,新北市中和區中山路三段122號4樓
340,環保餐廳,新北市,65000,"欣葉小聚餐廳 中和環球",02-32345858,新北市中和區中山路三段122號4樓
341,環保餐廳,新北市,65000,注腳雙溪,02-24931158,新北市雙溪區泰昌街27號
342,環保餐廳,新北市,65000,河內老街河粉,02-77054168,新北市板橋區新站路28號
343,環保餐廳,新北市,65000,法華素食餐廳,02-22860768,新北市三重區仁美街24號
344,環保餐廳,新北市,65000,肥熊早早午餐,02-29551057,新北市板橋區廣和街33之6號
345,環保餐廳,新北市,65000,肥熊早早午餐(中和店),"02 -22289997",新北市中和區中山路三段118之3號
346,環保餐廳,新北市,65000,芭達桑原住民主題餐廳,02-26105300,新北市八里區觀海大道111號
347,環保餐廳,新北市,65000,"花月嵐拉麵 中環環球",02-22232128,新北市中和區中山路三段122號3樓
348,環保餐廳,新北市,65000,金色三麥,02-77054168,新北市板橋區新站路28號
349,環保餐廳,新北市,65000,"金色三麥 板橋大遠百店",02-77385911,新北市板橋區新站路28號9樓
350,環保餐廳,新北市,65000,"金色三麥 新莊晶冠店",02-85228989,新北市新莊區新北市新莊區五工路66號1樓
351,環保餐廳,新北市,65000,"金春喜韓廚 中和環球",02-22265568,新北市中和區中山路三段122號4樓
352,環保餐廳,新北市,65000,金煲銀煲仔飯,02-77054168,新北市板橋區新站路28號
353,環保餐廳,新北市,65000,金寶電子深坑廠員工餐廳,02-26622660,新北市深坑區北深路3段147號
354,環保餐廳,新北市,65000,"長?魚屋 中和環球",0958279136,新北市中和區中山路三段122號3樓
355,環保餐廳,新北市,65000,阿杰萬里蟹,0987844838,新北市萬里區港東路162號
356,環保餐廳,新北市,65000,非常泰,02-77054168,新北市板橋區新站路28號
357,環保餐廳,新北市,65000,"芡芳石頭火鍋 新北永和店",02-29218889,新北市永和區永和路二段116號5樓
358,環保餐廳,新北市,65000,"芡芳石頭火鍋 樹林秀泰店",02-26862999,新北市樹林區樹新路40-6號7樓
359,環保餐廳,新北市,65000,"侯黑鍋物 冠軍酸菜個人鍋物 (新莊民安店)",02-22068977,新北市新莊區民安東路6號
360,環保餐廳,新北市,65000,南亞光電員工餐廳,02-26806311#5582,新北市樹林區味王街55號
361,環保餐廳,新北市,65000,威剛科技(股)公司員工餐廳,02-82280886#12952,新北市中和區258號2樓
362,環保餐廳,新北市,65000,客家美食主藝餐廳,02-86722255,新北市三峽區隆恩街239號1樓
363,環保餐廳,新北市,65000,故鄉的口味小吃店,02-26629501,新北市深坑區深坑街146號
364,環保餐廳,新北市,65000,春日食堂-板橋大遠百,0987212244,新北市板橋區新站路28號
365,環保餐廳,新北市,65000,"春水堂-人文茶館 中和環球",02-22217037,新北市中和區中山路三段122號1樓
366,環保餐廳,新北市,65000,星巴克-環球門市,02-32340635,新北市中和區中山路三段122號1樓
367,環保餐廳,新北市,65000,"星馬快餐 新北新店裕隆城百貨門市",0926656376,新北市新店區中興路三段70號6F20櫃
368,環保餐廳,新北市,65000,"星馬快餐 新北新莊門市",0926656376,新北市新莊區中平路138號1F
369,環保餐廳,新北市,65000,星誼美而美,02-82616104,新北市土城區日新街9巷1號
370,環保餐廳,新北市,65000,柏榕美食活海鮮,02-24924798,新北市萬里區港東路151之2號
371,環保餐廳,新北市,65000,"皇廚一品牛排 中和環球",02-77312719,新北市中和區中山路三段122號3樓
372,環保餐廳,新北市,65000,美津素食漢堡,02-29907859,新北市新莊區中和街63號
373,環保餐廳,新北市,65000,美香早餐店,02-22019802,新北市新莊區後港一路28巷4弄8號
374,環保餐廳,新北市,65000,美觀園,0932262403,新北市萬里區港東路156號
375,環保餐廳,新北市,65000,食在森林,0955658845,新北市烏來區福山里3鄰卡拉模基21號
376,環保餐廳,新北市,65000,食家安飲食文化股份有限公司,02-27925757,新北市汐止區福德一路328巷1號
377,環保餐廳,新北市,65000,香港奶茶王,02-82835502,新北市蘆洲區三民路279-1號
378,環保餐廳,新北市,65000,原粹蔬食作,02-89147185,新北市新店區北新路三段206巷1弄7號一樓
379,環保餐廳,新北市,65000,"厝內食堂 中和環球",0906368895,新北市中和區中山路三段122號3樓
380,環保餐廳,新北市,65000,哩賀涼麵,0985177944,新北市永和區秀朗路一段169號
381,環保餐廳,新北市,65000,哪次不吃早午餐店,02-29750970,新北市三重區大同南路152號1樓
382,環保餐廳,新北市,65000,娜?泰式燒烤,02-29766633,新北市三重區河邊北街100巷35號
383,環保餐廳,新北市,65000,峰精緻鍋物餐酒,02-29940898,新北市新莊區新泰路322號
384,環保餐廳,新北市,65000,恩典早午餐,02-29288688,新北市永和區安樂路294號
385,環保餐廳,新北市,65000,"時時香 中和環球",02-82267386,新北市中和區中山路三段122號4樓
386,環保餐廳,新北市,65000,桃樂絲森林餐廳,02-86303356,新北市八里區荖阡村荖阡坑路34之5號
387,環保餐廳,新北市,65000,泰雅田泰式小館(永和店),02-86689228,新北市永和區民有街21巷2號1樓
388,環保餐廳,新北市,65000,海角阿鄉海產店,02-28053411,新北市淡水區觀海路26號
389,環保餐廳,新北市,65000,海底撈,02-85219292,新北市新莊區新北市新北市新莊區新北大道四段3號9樓
390,環保餐廳,新北市,65000,海底撈火鍋板橋店,02-29641328,新北市板橋區新站路28號5樓
391,環保餐廳,新北市,65000,海宴日式和風涮涮屋,02-26712348,新北市三峽區中正路一段75號
392,環保餐廳,新北市,65000,海釣族海鮮小館,02-22529999,新北市板橋區文化路二段126號
393,環保餐廳,新北市,65000,海霸王餐廳股份有限公司海山分公司,02-22664835,新北市土城區中央路一段22號
394,環保餐廳,新北市,65000,留香園,02-29228998,新北市永和區永貞路283號
395,環保餐廳,新北市,65000,真不同酸菜魚(板橋大遠百),02-25115233,新北市板橋區新站路28號B1
396,環保餐廳,新北市,65000,茴味,02-26648207,新北市深坑區深坑街110號
397,環保餐廳,新北市,65000,"迷客夏PLUS 新北中和環球店",02-22236462,新北市中和區中山路三段122號3樓
398,環保餐廳,新北市,65000,"馬克廚房 Rocky Pizza",02-29127765,新北市新店區新店區碧潭風景區A01-03
399,環保餐廳,新北市,65000,馬岸泰雅美食,02-26616105,新北市烏來區福山村大羅蘭25號
400,環保餐廳,新北市,65000,馬蹄圈圈,02-23611999#894,新北市永和區秀朗路一段114號
401,環保餐廳,新北市,65000,高益發茶行,02-26656268,新北市坪林區北宜路8段217號
402,環保餐廳,新北市,65000,鬼匠拉麵2（板橋永豐店）,02-29551196,新北市板橋區永豐街77號
403,環保餐廳,新北市,65000,"乾杯列車 板橋站",02-89693333,新北市板橋區新北市板橋區縣民大道2段7號2樓
404,環保餐廳,新北市,65000,"乾杯燒肉居酒屋 林口店",02-26068522,新北市林口區新北市林口區文化三路一段356號2樓
405,環保餐廳,新北市,65000,"乾杯燒肉居酒屋 新莊宏匯店",02-85216277,新北市新莊區新北市新莊區新北大道四段3號7樓
406,環保餐廳,新北市,65000,將捷金鬱金香酒店,02-26210333,新北市淡水區中正路一段2-1號
407,環保餐廳,新北市,65000,"悠樂間 Shalom Cafe",0925595853,新北市三重區自強路五段39號
408,環保餐廳,新北市,65000,教堂小廚,0900111444,新北市板橋區仁愛路12號
409,環保餐廳,新北市,65000,望海亭海鮮餐廳,02-24921605,新北市萬里區野柳村港東路162之15號
410,環保餐廳,新北市,65000,添好運板橋遠百店,02-29557978,新北市板橋區新站路28號Ｂ1
411,環保餐廳,新北市,65000,涮乃葉-汐止遠雄店,-,新北市汐止區新台五路一段99號B1
412,環保餐廳,新北市,65000,涮乃葉-板橋遠百中山店,-,新北市板橋區中山路1段152號10樓
413,環保餐廳,新北市,65000,深坑大團園餐廳,02-26625328,新北市深坑區阿柔里阿柔洋25之1號
414,環保餐廳,新北市,65000,猛港海鮮餐廳,02-29286383,新北市永和區永和路一段62號
415,環保餐廳,新北市,65000,統一多拿滋-新中環門市,02-22218130,新北市中和區中山路三段122號2樓
416,環保餐廳,新北市,65000,"覓糖Mi Tang(永和中正店)",02-86681249,新北市永和區中正路39之1號
417,環保餐廳,新北市,65000,豚將拉麵重陽店,02-89832058,新北市三重區重陽路四段8號1樓
418,環保餐廳,新北市,65000,速芝堡早餐店,02-29601462,新北市板橋區大觀路2段174巷102弄32號
419,環保餐廳,新北市,65000,野柳珠海餐廳,02-24922540,新北市萬里區港東路162-13號
420,環保餐廳,新北市,65000,"雪嶽山 中和環球",02-77313499,新北市中和區中山路三段122號3樓
421,環保餐廳,新北市,65000,魚村活海鮮,02-24921046,新北市萬里區港東路74之6號
422,環保餐廳,新北市,65000,魚佳餚餐廳,02-24992265,新北市貢寮區東興街36號
423,環保餐廳,新北市,65000,魚缸珈琲館,02-82828350,新北市蘆洲區三民路78號
424,環保餐廳,新北市,65000,鹿兒島燒肉專賣店-板橋新板店,02-29625099,新北市板橋區中山路一段164-1號
425,環保餐廳,新北市,65000,鹿兒島燒肉專賣店-新莊中華店,02-29909950,新北市新莊區中華路二段65號1樓
426,環保餐廳,新北市,65000,麥味登八里小麥,02-26195768,新北市八里區中山路二段542號
427,環保餐廳,新北市,65000,麥味登八里禾渼,02-26188007,新北市八里區頂寮五街7號
428,環保餐廳,新北市,65000,麥味登三芝公正,02-26369969,新北市三芝區公正街9號
429,環保餐廳,新北市,65000,麥味登三重三和,02-22800682,新北市三重區三和路四段145巷153號
430,環保餐廳,新北市,65000,麥味登三重三賢101,02-28579101,新北市三重區三賢街101號
431,環保餐廳,新北市,65000,麥味登三重大同,02-89855749,新北市三重區大同北路97號
432,環保餐廳,新北市,65000,麥味登三重中興橋,02-29768838,新北市三重區成功路38號
433,環保餐廳,新北市,65000,麥味登三重木澄找餐,02-22870179,新北市三重區永福街179號
434,環保餐廳,新北市,65000,麥味登三重正義,02-89762827,新北市三重區正義南路79號
435,環保餐廳,新北市,65000,麥味登三重車路頭,02-22860136,新北市三重區車路頭街87號
436,環保餐廳,新北市,65000,麥味登三重佳德,02-89825825,新北市三重區三民街305號
437,環保餐廳,新北市,65000,麥味登三重忠孝,02-89850138,新北市三重區忠孝路三段25號
438,環保餐廳,新北市,65000,麥味登三重忠孝橋,02-29749888,新北市三重區中正南路131號
439,環保餐廳,新北市,65000,麥味登三重美福,02-29801388,新北市三重區重陽路三段162號
440,環保餐廳,新北市,65000,麥味登三重國小,02-89762738,新北市三重區仁愛街23號
441,環保餐廳,新北市,65000,麥味登三重國隆,02-29818809,新北市三重區國隆路29號
442,環保餐廳,新北市,65000,麥味登三重捷運,02-29877007,新北市三重區捷運路37巷14號
443,環保餐廳,新北市,65000,麥味登三重善解,02-29850176,新北市三重區力行路一段176號
444,環保餐廳,新北市,65000,麥味登三重進安,02-82879992,新北市三重區自強路五段100號
445,環保餐廳,新北市,65000,麥味登三重感恩,02-29896559,新北市三重區三陽路61號
446,環保餐廳,新北市,65000,麥味登三峽大同,02-86741909,新北市三峽區大同路196-2號
447,環保餐廳,新北市,65000,麥味登三峽北大,02-26724567,新北市三峽區大德路190號
448,環保餐廳,新北市,65000,麥味登三峽恩主公,02-86723234,新北市三峽區中山路234號
449,環保餐廳,新北市,65000,麥味登土城日月光,02-22707168,新北市土城區中央路二段61巷42號
450,環保餐廳,新北市,65000,麥味登土城光明,02-22706879,新北市土城區光明街63號
451,環保餐廳,新北市,65000,麥味登土城延平,02-82610041,新北市土城區延平街七號
452,環保餐廳,新北市,65000,麥味登土城明德,02-82620030,新北市土城區明德路一段240巷2號
453,環保餐廳,新北市,65000,麥味登土城青雲,02-22660768,新北市土城區青雲路215號
454,環保餐廳,新北市,65000,麥味登土城海山,02-82621058,新北市土城區明德路二段199號
455,環保餐廳,新北市,65000,麥味登土城清高,02-22602220,新北市土城區明德路一段73號
456,環保餐廳,新北市,65000,麥味登土城裕民,02-82601899,新北市土城區裕民路259巷24號
457,環保餐廳,新北市,65000,麥味登土城學成,02-82732522,新北市土城區學成路9號
458,環保餐廳,新北市,65000,麥味登中和民德,02-29628388,新北市中和區民德路155號
459,環保餐廳,新北市,65000,麥味登中和吉仁,02-86680256,新北市中和區大仁街19巷1號
460,環保餐廳,新北市,65000,麥味登中和秀朗,02-29435788,新北市中和區秀朗路３段128巷2號
461,環保餐廳,新北市,65000,麥味登中和和平,02-86680428,新北市中和區和平街15-1號
462,環保餐廳,新北市,65000,麥味登中和泉日青,02-82458368,新北市中和區連城路89巷7-2號
463,環保餐廳,新北市,65000,麥味登中和英雄,02-89434686,新北市中和區興南路二段79號
464,環保餐廳,新北市,65000,麥味登中和復興,02-29488698,新北市中和區復興路50號
465,環保餐廳,新北市,65000,麥味登中和景安,02-89432800,新北市中和區景安路13號
466,環保餐廳,新北市,65000,麥味登中和景新,02-22450559,新北市中和區景新街35號
467,環保餐廳,新北市,65000,麥味登中和華新,02-86680570,新北市中和區華新街150號
468,環保餐廳,新北市,65000,麥味登中和陽光,02-82453053,新北市中和區中山路二段2巷45弄12號
469,環保餐廳,新北市,65000,麥味登中和新生,02-22229635,新北市中和區民樂路54號
470,環保餐廳,新北市,65000,麥味登中和壽德,02-29526863,新北市中和區壽德街21號
471,環保餐廳,新北市,65000,麥味登中和福澤,02-89419688,新北市中和區保健路47號
472,環保餐廳,新北市,65000,麥味登中和遠東世紀,02-82271800,新北市中和區建一路188號1樓
473,環保餐廳,新北市,65000,麥味登中和德光,02-29620233,新北市中和區德光路14號
474,環保餐廳,新北市,65000,麥味登五股中興,02-22951720,新北市五股區中興路四段48巷1號
475,環保餐廳,新北市,65000,麥味登五股四維,02-29889279,新北市五股區四維路116-1號
476,環保餐廳,新北市,65000,麥味登五股自強,02-22935789,新北市五股區自強路72號
477,環保餐廳,新北市,65000,麥味登五股洲子洋,02-22930223,新北市五股區成泰路三段165號
478,環保餐廳,新北市,65000,麥味登五股福臨,02-22916863,新北市五股區五福路93號
479,環保餐廳,新北市,65000,麥味登仁愛旗艦,02-22862203,新北市三重區仁愛街660號
480,環保餐廳,新北市,65000,麥味登北大大成,02-26689550,新北市樹林區大成路11號
481,環保餐廳,新北市,65000,麥味登北大學林,02-26684881,新北市樹林區學林路85號
482,環保餐廳,新北市,65000,麥味登永和仁愛,02-29250236,新北市永和區仁愛路145號
483,環保餐廳,新北市,65000,麥味登永和仁愛公園,02-89213076,新北市永和區永平路320號
484,環保餐廳,新北市,65000,麥味登永和保平,02-29225899,新北市永和區保平路266號
485,環保餐廳,新北市,65000,麥味登永和得和,02-29439796,新北市永和區得和路328號
486,環保餐廳,新北市,65000,麥味登永和福和,02-29219297,新北市永和區福和路343號
487,環保餐廳,新北市,65000,麥味登永和選手,02-29229929,新北市永和區永貞路152號
488,環保餐廳,新北市,65000,麥味登永和環河,02-29233833,新北市永和區環河西路2段213號
489,環保餐廳,新北市,65000,麥味登汐止仁愛,02-26492558,新北市汐止區仁愛路23號
490,環保餐廳,新北市,65000,麥味登汐止名城店,02-86910234,新北市汐止區新昌路37-1號
491,環保餐廳,新北市,65000,麥味登汐止玖達,02-26427171,新北市汐止區樟樹二路296號
492,環保餐廳,新北市,65000,麥味登汐止長江,02-26482088,新北市汐止區長江街65號
493,環保餐廳,新北市,65000,麥味登汐止建成,02-86422575,新北市汐止區建成路59巷49號
494,環保餐廳,新北市,65000,麥味登汐止皇家,02-26433078,新北市汐止區仁愛路166號
495,環保餐廳,新北市,65000,麥味登汐止茄苳,02-86477766,新北市汐止區茄苳路42-1號
496,環保餐廳,新北市,65000,麥味登汐止福氣,02-26925177,新北市汐止區福德一路201巷6號
497,環保餐廳,新北市,65000,麥味登汐止福德,02-26922316,新北市汐止區福德一路20號
498,環保餐廳,新北市,65000,麥味登竹圍米路,02-28081276,新北市淡水區民族路43號
499,環保餐廳,新北市,65000,麥味登林口中山,02-26020858,新北市林口區中山路526號-1
500,環保餐廳,新北市,65000,麥味登林口仁愛,02-26011390,新北市林口區仁愛路一段384號
501,環保餐廳,新北市,65000,麥味登林口公園,02-26080267,新北市林口區公園路69號
502,環保餐廳,新北市,65000,麥味登林口文化,02-26018032,新北市林口區文化三路二段36-1號
503,環保餐廳,新北市,65000,麥味登林口民有,02-26081872,新北市林口區民有街68號
504,環保餐廳,新北市,65000,麥味登林口民族,0986811956,新北市林口區民族路22號
505,環保餐廳,新北市,65000,麥味登林口民視,02-26019062,新北市林口區信義路154號
506,環保餐廳,新北市,65000,麥味登林口名巧園,02-26015862,新北市林口區仁愛路二段121號
507,環保餐廳,新北市,65000,麥味登林口南勢,02-26000275,新北市林口區南勢一街17巷51號
508,環保餐廳,新北市,65000,麥味登林口香悅,02-26082729,新北市林口區文化三路一段555巷50號
509,環保餐廳,新北市,65000,麥味登林口貳貳五,02-26099585,新北市林口區文化三路一段225巷13號
510,環保餐廳,新北市,65000,麥味登林口感恩,02-26006228,新北市林口區文化二路一段20巷23號
511,環保餐廳,新北市,65000,麥味登林口源泉,02-26092339,新北市林口區源泉街36號
512,環保餐廳,新北市,65000,麥味登林口歐園,02-26009889,新北市林口區麗園二街2-4號
513,環保餐廳,新北市,65000,麥味登板橋三民,02-29630916,新北市板橋區三民路二段202-13號
514,環保餐廳,新北市,65000,麥味登板橋大崙,02-29581685,新北市板橋區長安街331巷89號
515,環保餐廳,新北市,65000,麥味登板橋中正,02-22720613,新北市板橋區中正路216巷57號
516,環保餐廳,新北市,65000,麥味登板橋文聖,02-22542777,新北市板橋區文聖街182號
517,環保餐廳,新北市,65000,麥味登板橋永豐,02-29512885,新北市板橋區永豐街171號
518,環保餐廳,新北市,65000,麥味登板橋光武,02-22541266,新北市板橋區光武街63號
519,環保餐廳,新北市,65000,麥味登板橋光環,02-29627677,新北市板橋區光環路二段76號
520,環保餐廳,新北市,65000,麥味登板橋合安,02-29691688,新北市板橋區合宜路115號
521,環保餐廳,新北市,65000,麥味登板橋松江,02-22507050,新北市板橋區松江街86號
522,環保餐廳,新北市,65000,麥味登板橋金世紀錄,02-22541831,新北市板橋區長江路二段47號
523,環保餐廳,新北市,65000,麥味登板橋金門,02-86871568,新北市板橋區金門街147號
524,環保餐廳,新北市,65000,麥味登板橋金鑽,02-26860901,新北市板橋區金門街324巷7號
525,環保餐廳,新北市,65000,麥味登板橋長安,02-29519353,新北市板橋區長安街349號
526,環保餐廳,新北市,65000,麥味登板橋長江,02-22597039,新北市板橋區長江路一段150號
527,環保餐廳,新北市,65000,麥味登板橋致理,02-22566222,新北市板橋區文化路一段311-2號
528,環保餐廳,新北市,65000,麥味登板橋重慶,02-29558858,新北市板橋區重慶路308巷14號
529,環保餐廳,新北市,65000,麥味登板橋校前,02-29615889,新北市板橋區校前街76號
530,環保餐廳,新北市,65000,麥味登板橋國光,02-29682628,新北市板橋區國光路187號
531,環保餐廳,新北市,65000,麥味登板橋莒光,02-22566826,新北市板橋區莒光路188號
532,環保餐廳,新北市,65000,麥味登板橋莊敬,02-22581447,新北市板橋區莊敬路162號
533,環保餐廳,新北市,65000,麥味登板橋貴興,02-29649695,新北市板橋區貴興路109號
534,環保餐廳,新北市,65000,麥味登板橋實踐,02-29597877,新北市板橋區實踐路38號
535,環保餐廳,新北市,65000,麥味登板橋廣和,02-29555560,新北市板橋區廣和街52號
536,環保餐廳,新北市,65000,麥味登板橋龍泉,02-22542268,新北市板橋區龍泉街120號
537,環保餐廳,新北市,65000,麥味登板橋懷德,02-22500350,新北市板橋區懷德街181巷23號
538,環保餐廳,新北市,65000,麥味登板橋藝文,02-82570520,新北市板橋區莊敬路99號
539,環保餐廳,新北市,65000,麥味登板橋體育館,02-22727177,新北市板橋區中正路17號
540,環保餐廳,新北市,65000,麥味登板橋體育館2,02-22727977,新北市板橋區南雅西路二段143號
541,環保餐廳,新北市,65000,麥味登泰山仁義,02-22962828,新北市泰山區仁義路143號
542,環保餐廳,新北市,65000,麥味登泰山全興,02-29000283,新北市泰山區福興二街30號
543,環保餐廳,新北市,65000,麥味登泰山信華,02-29009091,新北市泰山區信華三街171號
544,環保餐廳,新北市,65000,麥味登泰山泰林,02-29000565,新北市泰山區泰林路二段513號
545,環保餐廳,新北市,65000,麥味登貢寮福隆,02-24991035,新北市貢寮區興隆街20號
546,環保餐廳,新北市,65000,麥味登淡水水源,02-26234139,新北市淡水區水源街一段78號
547,環保餐廳,新北市,65000,麥味登淡水北新,02-26235211,新北市淡水區北新路153號
548,環保餐廳,新北市,65000,麥味登淡水台北灣,02-26292238,新北市淡水區新市一路一段99巷17號
549,環保餐廳,新北市,65000,麥味登淡水宇峰,02-26235201,新北市淡水區學府路45號
550,環保餐廳,新北市,65000,麥味登淡水紅樹林,02-86263339,新北市淡水區坪頂路51-1號
551,環保餐廳,新北市,65000,麥味登淡水真理,02-26205135,新北市淡水區新民街180巷2號
552,環保餐廳,新北市,65000,麥味登淡水淡大,02-26295836,新北市淡水區水源街二段56號
553,環保餐廳,新北市,65000,麥味登淡水淡江,02-26250018,新北市淡水區北新路182巷37號
554,環保餐廳,新北市,65000,麥味登淡水淡海,02-28050511,新北市淡水區淡海路72巷1號
555,環保餐廳,新北市,65000,麥味登淡水新市,02-86315511,新北市淡水區新市一路三段108號
556,環保餐廳,新北市,65000,麥味登淡水新春,02-26212553,新北市淡水區新春街97號
557,環保餐廳,新北市,65000,麥味登新北新海,02-22568688,新北市板橋區新海路117號
558,環保餐廳,新北市,65000,麥味登新店大坪林,02-29129555,新北市新店區北新路三段70號
559,環保餐廳,新北市,65000,麥味登新店光華,02-22119009,新北市新店區光華街10號
560,環保餐廳,新北市,65000,麥味登新店安康,02-22156557,新北市新店區安康路三段25號
561,環保餐廳,新北市,65000,麥味登新店安德,02-22124693,新北市新店區安德街34號
562,環保餐廳,新北市,65000,麥味登新店佳燁,02-86683580,新北市新店區安和路3段134號
563,環保餐廳,新北市,65000,麥味登新店建國,02-29118958,新北市新店區建國路236號
564,環保餐廳,新北市,65000,麥味登新店順聯,02-29141418,新北市新店區復興路16號
565,環保餐廳,新北市,65000,麥味登新店綠野香坡,02-22001700,新北市新店區安祥路139號
566,環保餐廳,新北市,65000,麥味登新店寶興,02-89193100,新北市新店區寶興路47-1號
567,環保餐廳,新北市,65000,麥味登新莊中平,02-22771508,新北市新莊區中平路121號
568,環保餐廳,新北市,65000,麥味登新莊中信,02-89927177,新北市新莊區中信街2號
569,環保餐廳,新北市,65000,麥味登新莊中原,02-85212006,新北市新莊區中原路138號
570,環保餐廳,新北市,65000,麥味登新莊中華,02-29900759,新北市新莊區中華路二段172號
571,環保餐廳,新北市,65000,麥味登新莊五工,02-22993799,新北市新莊區五工二路86巷2號
572,環保餐廳,新北市,65000,麥味登新莊五工二,02-29922522,新北市新莊區建中街85號
573,環保餐廳,新北市,65000,麥味登新莊天祥,02-29084674,新北市新莊區天祥街26-1號
574,環保餐廳,新北市,65000,麥味登新莊民安,02-22025530,新北市新莊區民安路45號1樓
575,環保餐廳,新北市,65000,麥味登新莊米娜,02-85229700,新北市新莊區中原東路30號
576,環保餐廳,新北市,65000,麥味登新莊自立,02-29980115,新北市新莊區自立街115號
577,環保餐廳,新北市,65000,麥味登新莊西盛,02-22010970,新北市新莊區西盛街196號
578,環保餐廳,新北市,65000,麥味登新莊幸福,02-22771234,新北市新莊區幸福路834號
579,環保餐廳,新北市,65000,麥味登新莊昌明,02-29905398,新北市新莊區昌明街22號
580,環保餐廳,新北市,65000,麥味登新莊玥萱,02-29015928,新北市新莊區雙鳳路88號
581,環保餐廳,新北市,65000,麥味登新莊建安,02-22044018,新北市新莊區建安街46號
582,環保餐廳,新北市,65000,麥味登新莊星品,02-89910985,新北市新莊區中和街12號
583,環保餐廳,新北市,65000,麥味登新莊星誠,02-29931989,新北市新莊區中誠街15號
584,環保餐廳,新北市,65000,麥味登新莊星榮,02-29960669,新北市新莊區中榮街60號
585,環保餐廳,新北市,65000,麥味登新莊福興,02-22761918,新北市新莊區公園路238號
586,環保餐廳,新北市,65000,麥味登新莊歐洲村,02-29966927,新北市新莊區立信三街7巷1號
587,環保餐廳,新北市,65000,麥味登新莊頭前公園,02-29909163,新北市新莊區頭成街163號
588,環保餐廳,新北市,65000,麥味登新莊龍安,02-29017665,新北市新莊區中正路新建巷55號
589,環保餐廳,新北市,65000,麥味登瑞芳明燈,02-24976263,新北市瑞芳區明燈路三段81號
590,環保餐廳,新北市,65000,麥味登樹林中華,02-86868651,新北市樹林區中華路39號
591,環保餐廳,新北市,65000,麥味登樹林日新,02-26862525,新北市樹林區日新街185號
592,環保餐廳,新北市,65000,麥味登樹林光榮,02-26888936,新北市樹林區光榮街53號1樓
593,環保餐廳,新北市,65000,麥味登樹林秀泰,02-26860822,新北市板橋區大觀路三段160巷46號
594,環保餐廳,新北市,65000,麥味登樹林東榮,02-86860063,新北市樹林區東榮街121號
595,環保餐廳,新北市,65000,麥味登樹林國凱,02-86853291,新北市樹林區國凱街19號之1
596,環保餐廳,新北市,65000,麥味登樹林復興,02-26851566,新北市樹林區復興路37號
597,環保餐廳,新北市,65000,麥味登樹林會贏,02-86868732,新北市樹林區國凱街102號
598,環保餐廳,新北市,65000,麥味登雙和圓通,02-22421165,新北市中和區圓通路242號
599,環保餐廳,新北市,65000,麥味登蘆洲中心,02-82866513,新北市蘆洲區民權路188-7號
600,環保餐廳,新北市,65000,麥味登蘆洲正和,02-82867980,新北市蘆洲區正和街79號
601,環保餐廳,新北市,65000,麥味登蘆洲長興,02-22829933,新北市蘆洲區長興路50巷3號
602,環保餐廳,新北市,65000,麥味登蘆洲康佑,02-82868137,新北市蘆洲區長安街343號
603,環保餐廳,新北市,65000,麥味登蘆洲復興,02-82827200,新北市蘆洲區復興路181號
604,環保餐廳,新北市,65000,麥味登蘆洲鷺江99,02-22859299,新北市蘆洲區鷺江街99號
605,環保餐廳,新北市,65000,麥味登鶯歌天囍,02-86776850,新北市鶯歌區尖山路136號
606,環保餐廳,新北市,65000,荳荳早午餐店,02-89731966,新北市三重區文化南路31之1號
607,環保餐廳,新北市,65000,"勝博殿 中和環球分店",02-66377718,新北市中和區中山路三段122號3樓
608,環保餐廳,新北市,65000,勝勢豬排(板橋大遠百),02-29506628,新北市板橋區新站路28號
609,環保餐廳,新北市,65000,喜徠珍古井餐廳,02-86711798#894,新北市三峽區中山路40號
610,環保餐廳,新北市,65000,喔嗨呦早餐屋,02-22178530,新北市新店區北宜路2段36號
611,環保餐廳,新北市,65000,喬MAMA,02-29400048,新北市中和區興南路二段6號
612,環保餐廳,新北市,65000,富士海鮮餐廳,02-24991001,新北市貢寮區東興街8號
613,環保餐廳,新北市,65000,富群休閒農園,02-26282899,新北市淡水區北新路一段129-1號
614,環保餐廳,新北市,65000,彭園婚宴會館(新板店),02-29527666,新北市板橋區中山路一段161號
615,環保餐廳,新北市,65000,復盛員工餐廳,02-29951411,新北市三重區光復路二段60號
616,環保餐廳,新北市,65000,惠比壽烏龍麵,02-77054168,新北市板橋區新站路28號
617,環保餐廳,新北市,65000,"棉 早+午餐廳",02-29660282,新北市板橋區大觀路二段93號
618,環保餐廳,新北市,65000,港都熱炒,02-29406751,新北市中和區大勇街10號
619,環保餐廳,新北市,65000,"粥太郎 粥品·麵食",02-22426628,新北市中和區南山路49號
620,環保餐廳,新北市,65000,紫緹麵食館,02-22029635,新北市新莊區民安東路37號
621,環保餐廳,新北市,65000,"華漾 DIM SUM 中和環球",02-22252088,新北市中和區中山路三段122號4樓
622,環保餐廳,新北市,65000,"開丼 燒肉vs丼飯 中和環球",02-82281266,新北市中和區中山路三段122號3樓
623,環保餐廳,新北市,65000,"開飯川食堂 中和環球店",02-22238218,新北市中和區中山路三段122號4樓
624,環保餐廳,新北市,65000,閑恬Mydeli手作美味坊,02-86263159,新北市淡水區坪頂路22號
625,環保餐廳,新北市,65000,雲山水小築民宿,02-24962201,新北市瑞芳區金瓜石石山里山尖路72-1號
626,環保餐廳,新北市,65000,雲仙大飯店,02-26616383,新北市烏來區烏來里瀑布路1-1號
627,環保餐廳,新北市,65000,雲仙樂園中餐廳,02-26616510,新北市烏來區瀑布路1-1
628,環保餐廳,新北市,65000,順哥?坊早餐店,02-29088861,新北市新莊區新北大道7段630號
629,環保餐廳,新北市,65000,黃到即食鍋燒麵(中和店),0909670810,新北市中和區國光街107巷4弄30號
630,環保餐廳,新北市,65000,"黑毛屋 新莊宏匯店",02-85222611,"新北市新莊區新北市新莊區新北大道四段 3 號 7 樓"
631,環保餐廳,新北市,65000,"黑毛屋本家 板橋大遠百店",02-29524088,"新北市板橋區新北市板橋區新站路 28 號"
632,環保餐廳,新北市,65000,黑沃咖啡-三峽大學店,04-22624040,新北市三峽區新北市三峽區大學路120號
633,環保餐廳,新北市,65000,黑沃咖啡-永和竹林店,04-22624040,新北市永和區新北市永和區竹林路178號
634,環保餐廳,新北市,65000,黑沃咖啡-汐止白天鵝店,04-22624040,新北市汐止區新北市汐止區康寧街169巷8之1號1樓
635,環保餐廳,新北市,65000,黑沃咖啡-林口文化店,04-22624040,新北市林口區新北市林口區文化三路一段225巷6號
636,環保餐廳,新北市,65000,黑沃咖啡-板橋南門店,04-22624040,新北市板橋區新北市板橋區南門街73號
637,環保餐廳,新北市,65000,黑沃咖啡-淡水新市店,04-22624040,新北市淡水區新北市淡水區中山北路二段163號
638,環保餐廳,新北市,65000,黑沃咖啡-新北輔大店,04-22624040,新北市新莊區新北市新莊區中正路595號
639,環保餐廳,新北市,65000,勤誠興業-員工餐廳,02-82265500,新北市新莊區中原路558號18樓
640,環保餐廳,新北市,65000,勤誠興業-員工餐廳,02-82265500,新北市新莊區中原路558號18樓
641,環保餐廳,新北市,65000,嗑厚班早午餐,02-89699525,新北市板橋區龍興街11號
642,環保餐廳,新北市,65000,微星員工餐廳,02-32345599#1088,新北市中和區立德街69號
643,環保餐廳,新北市,65000,意芳飯店,0932500750,新北市萬里區港東路155號
644,環保餐廳,新北市,65000,新店活蝦大王,02-29110986,新北市新店區建國路200號
645,環保餐廳,新北市,65000,新馬辣經典麻辣鍋板橋遠百店,02-29512456,新北市板橋區中山路一段152號、遠東百貨11F櫃號-1103號
646,環保餐廳,新北市,65000,新葡苑(板橋遠百店),02-89510388,新北市板橋區新站路28號9樓
647,環保餐廳,新北市,65000,楚門咖啡．餐館,0906381747,新北市板橋區新海路5號
648,環保餐廳,新北市,65000,楊記運滷熬鮮小館,02-23611999#894,新北市新店區中正路183巷6號1樓
649,環保餐廳,新北市,65000,源春小吃店,02-26647116,新北市深坑區深坑街119號
650,環保餐廳,新北市,65000,萬佳鄉-新展店,02-29063230,新北市新莊區龍安路66-42號
651,環保餐廳,新北市,65000,義利不窯-碳烤牛排-窯烤披薩-義式料理,02-26206699,新北市淡水區淡金路二段608之2號
652,環保餐廳,新北市,65000,義饗屋板橋大遠百店,02-77054168,新北市板橋區新站路28號
653,環保餐廳,新北市,65000,肆六巷,0918309905,新北市新莊區中誠街46巷5號
654,環保餐廳,新北市,65000,跳舞香水板橋大遠百,02-29612323,新北市板橋區新站路28號
655,環保餐廳,新北市,65000,"達客魷魚 中和環球",0906221183,新北市中和區中山路三段122號3樓
656,環保餐廳,新北市,65000,"零居Zero Living",02-22565109,新北市板橋區文化路一段188巷7弄27號
657,環保餐廳,新北市,65000,頑童茶館,02-82015788,新北市新莊區四維路97巷16號1樓
658,環保餐廳,新北市,65000,鼎泰豐板橋店,02-22267890#5105,新北市板橋區新站路28號B1
659,環保餐廳,新北市,65000,鉦富咖哩屋,02-82853047,新北市蘆洲區永平街32巷22弄4號
660,環保餐廳,新北市,65000,熊賀呷早午餐,02-29266942,新北市永和區竹林路52號
661,環保餐廳,新北市,65000,福華海鮮餐廳,02-24986259,新北市金山區民生路51巷1號
662,環保餐廳,新北市,65000,福園中餐廳,02-26620088#122,新北市深坑區北深路三段236號
663,環保餐廳,新北市,65000,餃勁腦汁(板橋大遠百),02-77522516,新北市板橋區新站路28號B1
664,環保餐廳,新北市,65000,蒔朵日式舒芙蕾厚鬆餅,02-89697605,新北市板橋區南雅西路二段124號
665,環保餐廳,新北市,65000,億長御坊,02-77054168,新北市板橋區新站路28號
666,環保餐廳,新北市,65000,劉的臭豆腐,02-26621140,新北市深坑區深坑街46號
667,環保餐廳,新北市,65000,慕谷慕魚蔬食原住民人文餐廳,0912537590,新北市林口區仁愛路一段338號
668,環保餐廳,新北市,65000,樂玩精品咖啡新北新莊店,02-85214396,新北市新莊區中平路439號
669,環保餐廳,新北市,65000,"樂起司 中和環球",0952233031,新北市中和區中山路三段122號3樓
670,環保餐廳,新北市,65000,樂檸漢堡（新北新莊棒球場門市）,02-29946215,新北市新莊區新泰路232號
671,環保餐廳,新北市,65000,樂?牛排(中和店),02-29220089,新北市中和區中和路350巷1號
672,環保餐廳,新北市,65000,歐里人文空間,02-26644525,新北市深坑區深坑街48號
673,環保餐廳,新北市,65000,蔬植純素料理,02-26642386,新北市深坑區北深路二段214號
674,環保餐廳,新北市,65000,豬豬的拉麵屋,0937528511,新北市板橋區溪北路41號1樓
675,環保餐廳,新北市,65000,勳牛肉麵(永和店),02-29290588,新北市永和區安樂路194巷3號
676,環保餐廳,新北市,65000,橙易食堂-板橋大遠百,0983379801,新北市板橋區新站路28號B1
677,環保餐廳,新北市,65000,"燒肉LIKE 中和環球店",02-22281497,新北市中和區中山路三段122號B2樓
678,環保餐廳,新北市,65000,"燒肉Smile 林口文化店",02-26087728,新北市林口區文化二路一段76號2樓
679,環保餐廳,新北市,65000,"燒肉Smile 新北三重店",02-89721118,新北市三重區重新路二段100號1樓
680,環保餐廳,新北市,65000,"燒肉Smile 樹林秀泰店",02-26878522,新北市樹林區樹新路40-6號7樓
681,環保餐廳,新北市,65000,燒肉哦爺-日韓燒肉吃到飽(板橋府中店),02-89538153,新北市板橋區館前東路48號2.3樓
682,環保餐廳,新北市,65000,"築間幸福鍋物 三峽大學店",02-26722226,新北市三峽區大學路198號
683,環保餐廳,新北市,65000,"築間幸福鍋物 土城中央店",02-22601555,新北市土城區中央路二段21巷128號1樓
684,環保餐廳,新北市,65000,"築間幸福鍋物 土城裕民店",02-22645577,新北市土城區新北市土城區學士路23號
685,環保餐廳,新北市,65000,"築間幸福鍋物 士林承德店",02-28828558,新北市新莊區中平路402號1樓
686,環保餐廳,新北市,65000,"築間幸福鍋物 京站小碧潭店",02-89136177,"新北市新店區中央路157號5 樓"
687,環保餐廳,新北市,65000,"築間幸福鍋物 林口三井店",02-26085533,新北市林口區文化二路一段72號2樓
688,環保餐廳,新北市,65000,"築間幸福鍋物 板橋館前店",02-29596199,新北市板橋區館前東路96號
689,環保餐廳,新北市,65000,"築間幸福鍋物 板橋雙十店",02-82595577,新北市板橋區雙十路三段8號
690,環保餐廳,新北市,65000,"築間幸福鍋物 淡水新市店",02-26229933,新北市淡水區新市一路一段8號1樓
691,環保餐廳,新北市,65000,"築間幸福鍋物 新北三重店",02-29785222,新北市三重區重新路二段92號
692,環保餐廳,新北市,65000,"築間幸福鍋物 新北永和店",02-29217588,新北市永和區永和路二段116號5樓
693,環保餐廳,新北市,65000,"築間幸福鍋物 新北汐止店",02-26487779,新北市汐止區新台五路二段12號
694,環保餐廳,新北市,65000,"築間幸福鍋物 新莊中正店",02-22767522,新北市新莊區中正路72號2樓
695,環保餐廳,新北市,65000,"築間幸福鍋物 新莊中悅廣場店",02-89956561,新北市新莊區中平路402號1樓
696,環保餐廳,新北市,65000,"築間幸福鍋物 新莊福海店",02-29931555,新北市新莊區中正路340巷1號2樓
697,環保餐廳,新北市,65000,"築間幸福鍋物 樹林秀泰店",02-26860667,新北市樹林區樹新路40-6號號5樓
698,環保餐廳,新北市,65000,"築間幸福鍋物 雙和中和店",02-29262255,新北市中和區中和路262號1樓
699,環保餐廳,新北市,65000,"築間幸福鍋物 蘆洲三民店",02-22887337,新北市蘆洲區三民路248號
700,環保餐廳,新北市,65000,"築間酸菜魚 中和環球店",02-22221555,新北市中和區中山路三段122號4樓
701,環保餐廳,新北市,65000,"築間燒肉本命 新北永和店",02-29218255,新北市永和區永和路二段116號5樓
702,環保餐廳,新北市,65000,貓樂貓咖啡-環球中和,02-22217108,新北市中和區中山路三段122號
703,環保餐廳,新北市,65000,錦園魚夫海鮮,02-24924950,新北市萬里區野柳村港東路159號
704,環保餐廳,新北市,65000,"鴨香飽 當歸豬腳當歸鴨(板橋店)",02-82570080,新北市板橋區新海路385巷28弄12號
705,環保餐廳,新北市,65000,鍋賣局(板橋新板店),-,新北市板橋區中山路一段130號
706,環保餐廳,新北市,65000,韓本家,02-27512588,新北市板橋區新站路28號
707,環保餐廳,新北市,65000,韓國旬彩料理,02-77054168,新北市板橋區新站路28號
708,環保餐廳,新北市,65000,韓鶴亭(板橋大遠百),02-86933002,新北市板橋區新站路28號B1
709,環保餐廳,新北市,65000,鮮滿樓海鮮餐廳,02-24926180,新北市萬里區港東153號
710,環保餐廳,新北市,65000,鴻心堡早午餐,02-22655106,新北市土城區清水路256號
711,環保餐廳,新北市,65000,鴻海精密民生廠員工餐廳,02-22683466#501011040,新北市土城區土城工業區民生街4號
712,環保餐廳,新北市,65000,鴻海精密虎躍廠員工餐廳,02-22683466#501011040,新北市土城區自由街2號
713,環保餐廳,新北市,65000,鴻海精密頂埔廠員工餐廳,02-22683466#501011040,新北市土城區中央路四段53號
714,環保餐廳,新北市,65000,"點點心 中和環球店",02-22226628,新北市中和區中山路三段122號B2樓
715,環保餐廳,新北市,65000,璐璐早餐店,02-22460928,新北市中和區泰和街23號
716,環保餐廳,新北市,65000,"薆悅酒店野柳渡假館-FISHERMAN’S KITCHEN漁人廚房",02-77035700,新北市萬里區野柳里港東路162之2號2樓
717,環保餐廳,新北市,65000,"藏壽司 三重捷運路店",02-29886680,新北市三重區重明里18鄰捷運路1號
718,環保餐廳,新北市,65000,"藏壽司 三重集賢路店",02-82877177,新北市三重區集賢路99號
719,環保餐廳,新北市,65000,"藏壽司 三峽學成店",02-26717262,新北市三峽區學成路398號4樓
720,環保餐廳,新北市,65000,"藏壽司 土城金城路店",02-22607775,新北市土城區金城路二段80號
721,環保餐廳,新北市,65000,"藏壽司 中和橋和店",02-82266313,新北市中和區橋和路5號
722,環保餐廳,新北市,65000,"藏壽司 永和比漾店",02-22311881,新北市永和區中山路一段238號4樓
723,環保餐廳,新北市,65000,"藏壽司 林口三井Outlet店",02-26069852,新北市林口區文化三路一段356號B1
724,環保餐廳,新北市,65000,"藏壽司 板橋中山遠百店",02-29582868,新北市板橋區中山路一段152號5樓
725,環保餐廳,新北市,65000,"藏壽司 板橋遠科店",02-29640432,新北市板橋區遠東路62之3號
726,環保餐廳,新北市,65000,"藏壽司 淡水站前店",02-26263577,新北市淡水區中山路8號5樓
727,環保餐廳,新北市,65000,"藏壽司 新店威秀裕隆店",02-89147904,新北市新店區中興路三段70號6樓
728,環保餐廳,新北市,65000,"藏壽司 新莊宏匯店",02-85213102,新北市新莊區新北大道四段3號7樓
729,環保餐廳,新北市,65000,"藏壽司 新莊思源路店",02-29901755,新北市新莊區思源路168號
730,環保餐廳,新北市,65000,藍屋-板橋大遠百新站店,02-23611999#894,新北市板橋區新站路28號9樓
731,環保餐廳,新北市,65000,雙和醫院員工餐廳,02-22490088#8837,新北市中和區中正路291號
732,環保餐廳,新北市,65000,雙溪平林休閒農場,02-4934016,新北市雙溪區平林里外平林35號
733,環保餐廳,新北市,65000,雙翼食品,02-26895506,新北市樹林區忠愛街三號4樓
734,環保餐廳,新北市,65000,雙醬咖哩(新莊中港店),02-2770051,新北市新莊區中港路503號1樓
735,環保餐廳,新北市,65000,寶島冰果室,02-77054168,新北市板橋區新站路28號
736,環保餐廳,新北市,65000,寶桂的店,02-26645399,"新北市深坑區深坑街 114號"
737,環保餐廳,新北市,65000,"繼光香香雞 中和環球",02-22233417,新北市中和區中山路三段122號3樓
738,環保餐廳,新北市,65000,繼光香香雞-板橋大遠百,02-23611999#894,新北市板橋區新站路28號B1
739,環保餐廳,新北市,65000,蘇義興餐廳,02-24931027,新北市雙溪區中華路77號
740,環保餐廳,新北市,65000,"麵食主義 Kirin pasta新板店",02-29643968,新北市板橋區縣民大道1段310號
741,環保餐廳,新北市,65000,"麵家三士 中和環球",02-32343669,新北市中和區中山路三段122號3樓
742,環保餐廳,新北市,65000,蘭姐大排檔,02-26931539,新北市板橋區新站路28號B1
743,環保餐廳,新北市,65000,響燒鐵板燒,02-77054168,新北市板橋區新站路28號
744,環保餐廳,新北市,65000,饗爍早午餐,02-29909839,新北市新莊區建中街125號1樓
745,環保餐廳,新北市,65000,魔法咖哩,02-26206123,新北市淡水區中山路8號8樓
746,環保餐廳,新北市,65000,"蘿蔔蹲 Farmers Tasty",02-29427711,新北市永和區安樂路136號
747,環保餐廳,新北市,65000,鑫丼,0983102512,新北市蘆洲區中山二路42號
748,環保餐廳,新北市,65000,"?鳥食趣義大利洋食 X 烤泡芙專賣",02-86710208,新北市三峽區大觀路7號
749,環保餐廳,新北市,65000,?泰泰泰式料理,02-89660308,新北市板橋區四川路2段47巷4弄6號
