,機動車輛登記數－按縣市別及使用燃料分(101年9月起),,,,,,,,,,,,,,,,,,,,,,,,,,,,,,,,,,,,,,,,,,,,,,,,,,,,,,,,,,,,,,,,,,,,,,,
,,,,,,,,,,,,,,,,,,,,,,,,,,,,,,,,,,,,,,,,,,,,,,,,,,,,,,,,,,,,,,,,,,,,,,,單位：輛,
統計期,總計,,汽車,,大客車,,大客車 /自用,,大客車 /營業,,大客車 /營業 /遊覽車,,大客車 /營業 /營業(不含遊覽車),,大貨車,,大貨車 /自用,,大貨車 /營業,,小客車,,小客車 /自用,,小客車 /營業,,小客車 /營業 /租賃,,小客車 /營業 /計程車,,小客車 /營業 /其他營業小客車,,小貨車,,小貨車 /自用,,小貨車 /營業,,小貨車 /營業 /租賃,,小貨車 /營業 /營業(不含租賃),,特種車,,警備車,,救護車,,消防車,,郵車,,其他,,機車,,機車重型,,大型重型,,大型重型550cc以上,,大型重型未滿550cc,,普通重型,,機車輕型,,小型輕型,,普通輕型,
,電能_新北市,電能_臺北市,電能_新北市,電能_臺北市,電能_新北市,電能_臺北市,電能_新北市,電能_臺北市,電能_新北市,電能_臺北市,電能_新北市,電能_臺北市,電能_新北市,電能_臺北市,電能_新北市,電能_臺北市,電能_新北市,電能_臺北市,電能_新北市,電能_臺北市,電能_新北市,電能_臺北市,電能_新北市,電能_臺北市,電能_新北市,電能_臺北市,電能_新北市,電能_臺北市,電能_新北市,電能_臺北市,電能_新北市,電能_臺北市,電能_新北市,電能_臺北市,電能_新北市,電能_臺北市,電能_新北市,電能_臺北市,電能_新北市,電能_臺北市,電能_新北市,電能_臺北市,電能_新北市,電能_臺北市,電能_新北市,電能_臺北市,電能_新北市,電能_臺北市,電能_新北市,電能_臺北市,電能_新北市,電能_臺北市,電能_新北市,電能_臺北市,電能_新北市,電能_臺北市,電能_新北市,電能_臺北市,電能_新北市,電能_臺北市,電能_新北市,電能_臺北市,電能_新北市,電能_臺北市,電能_新北市,電能_臺北市,電能_新北市,電能_臺北市,電能_新北市,電能_臺北市,電能_新北市,電能_臺北市
113年底,"135,599","113,863","12,938","23,581",688,389,4,2,684,387,-,-,684,387,1,-,1,-,-,-,"12,182","23,076","11,773","11,950",409,"11,126",160,"10,329",249,797,-,-,50,85,41,41,9,44,-,27,9,17,17,31,-,-,-,-,-,-,16,23,1,8,"122,661","90,282","100,116","60,918",4,6,-,-,4,6,"100,112","60,912","22,545","29,364",199,68,"22,346","29,296"
113年 3月底,"121,959","101,167","8,514","17,397",611,367,3,2,608,365,-,-,608,365,-,-,-,-,-,-,"7,863","16,937","7,638","8,669",225,"8,268",116,"7,915",109,353,-,-,23,66,23,33,-,33,-,17,-,16,17,27,-,-,-,-,-,-,16,23,1,4,"113,445","83,770","94,876","57,714",5,4,-,-,5,4,"94,871","57,710","18,569","26,056",202,76,"18,367","25,980"
113年 4月底,"123,044","102,332","8,787","17,804",611,367,3,2,608,365,-,-,608,365,-,-,-,-,-,-,"8,135","17,342","7,890","8,891",245,"8,451",120,"8,070",125,381,-,-,24,68,24,33,-,35,-,19,-,16,17,27,-,-,-,-,-,-,16,23,1,4,"114,257","84,528","95,444","58,157",5,4,-,-,5,4,"95,439","58,153","18,813","26,371",200,75,"18,613","26,296"
113年 5月底,"124,782","103,825","9,367","18,545",611,367,3,2,608,365,-,-,608,365,-,-,-,-,-,-,"8,712","18,080","8,437","9,300",275,"8,780",131,"8,370",144,410,-,-,28,71,28,33,-,38,-,22,-,16,16,27,-,-,-,-,-,-,16,23,-,4,"115,415","85,280","96,108","58,837",5,4,-,-,5,4,"96,103","58,833","19,307","26,443",200,75,"19,107","26,368"
113年 6月底,"126,799","106,180","10,206","19,809",614,367,3,2,611,365,-,-,611,365,1,-,1,-,-,-,"9,546","19,339","9,247","10,040",299,"9,299",135,"8,836",164,463,-,-,29,74,29,36,-,38,-,22,-,16,16,29,-,-,-,-,-,-,16,23,-,6,"116,593","86,371","96,752","59,183",5,4,-,-,5,4,"96,747","59,179","19,841","27,188",199,74,"19,642","27,114"
113年 7月底,"128,262","107,480","10,639","20,609",614,367,3,2,611,365,-,-,611,365,1,-,1,-,-,-,"9,979","20,139","9,658","10,377",321,"9,762",141,"9,241",180,521,-,-,29,74,29,36,-,38,-,22,-,16,16,29,-,-,-,-,-,-,16,23,-,6,"117,623","86,871","97,288","59,426",5,4,-,-,5,4,"97,283","59,422","20,335","27,445",197,74,"20,138","27,371"
113年 8月底,"129,600","108,515","10,969","21,028",614,367,3,2,611,365,-,-,611,365,1,-,1,-,-,-,"10,304","20,558","9,970","10,585",334,"9,973",139,"9,419",195,554,-,-,34,74,29,36,5,38,-,22,5,16,16,29,-,-,-,-,-,-,16,23,-,6,"118,631","87,487","97,881","59,693",5,6,-,-,5,6,"97,876","59,687","20,750","27,794",198,73,"20,552","27,721"
113年 9月底,"131,357","109,888","11,631","21,817",625,389,4,2,621,387,-,-,621,387,1,-,1,-,-,-,"10,952","21,325","10,601","11,028",351,"10,297",146,"9,689",205,608,-,-,36,74,30,37,6,37,-,22,6,15,17,29,-,-,-,-,-,-,16,23,1,6,"119,726","88,071","98,494","59,862",5,6,-,-,5,6,"98,489","59,856","21,232","28,209",198,72,"21,034","28,137"
113年 10月底,"132,716","111,241","11,913","22,474",625,389,4,2,621,387,-,-,621,387,1,-,1,-,-,-,"11,235","21,981","10,868","11,233",367,"10,748",150,"10,082",217,666,-,-,35,75,29,37,6,38,-,23,6,15,17,29,-,-,-,-,-,-,16,23,1,6,"120,803","88,767","98,891","60,017",5,6,-,-,5,6,"98,886","60,011","21,912","28,750",198,72,"21,714","28,678"
113年 11月底,"134,246","112,111","12,420","22,901",665,389,4,2,661,387,-,-,661,387,1,-,1,-,-,-,"11,699","22,398","11,316","11,522",383,"10,876",153,"10,155",230,721,-,-,38,83,29,39,9,44,-,26,9,18,17,31,-,-,-,-,-,-,16,23,1,8,"121,826","89,210","99,395","60,173",4,6,-,-,4,6,"99,391","60,167","22,431","29,037",198,71,"22,233","28,966"
113年 12月底,"135,599","113,863","12,938","23,581",688,389,4,2,684,387,-,-,684,387,1,-,1,-,-,-,"12,182","23,076","11,773","11,950",409,"11,126",160,"10,329",249,797,-,-,50,85,41,41,9,44,-,27,9,17,17,31,-,-,-,-,-,-,16,23,1,8,"122,661","90,282","100,116","60,918",4,6,-,-,4,6,"100,112","60,912","22,545","29,364",199,68,"22,346","29,296"
114年底,"146,740","119,420","17,535","28,711",919,800,7,2,912,798,3,7,909,791,3,5,3,1,-,4,"16,535","27,725","15,913","14,958",622,"12,767",196,"11,560",426,"1,207",-,-,61,146,49,51,12,95,-,63,12,32,17,35,-,-,-,-,-,-,16,23,1,12,"129,205","90,709","104,810","61,981",4,7,-,-,4,7,"104,806","61,974","24,395","28,728",196,62,"24,199","28,666"
114年 1月底,"136,226","114,198","13,208","23,930",715,389,4,2,711,387,-,-,711,387,3,-,3,-,-,-,"12,423","23,425","11,990","12,114",433,"11,311",164,"10,485",269,826,-,-,50,85,41,41,9,44,-,27,9,17,17,31,-,-,-,-,-,-,16,23,1,8,"123,018","90,268","100,361","60,930",4,6,-,-,4,6,"100,357","60,924","22,657","29,338",200,67,"22,457","29,271"
114年 2月底,"136,823","114,463","13,461","24,239",722,389,4,2,718,387,3,-,715,387,3,-,3,-,-,-,"12,669","23,734","12,220","12,249",449,"11,485",168,"10,623",281,862,-,-,50,85,41,41,9,44,-,27,9,17,17,31,-,-,-,-,-,-,16,23,1,8,"123,362","90,224","100,643","61,245",4,6,-,-,4,6,"100,639","61,239","22,719","28,979",199,66,"22,520","28,913"
114年 3月底,"137,597","114,492","13,835","24,615",722,422,4,2,718,420,3,-,715,420,3,-,3,-,-,-,"13,042","24,078","12,576","12,494",466,"11,584",167,"10,686",299,898,-,-,51,84,42,41,9,43,-,26,9,17,17,31,-,-,-,-,-,-,16,23,1,8,"123,762","89,877","101,091","60,883",4,6,-,-,4,6,"101,087","60,877","22,671","28,994",199,66,"22,472","28,928"
114年 4月底,"138,055","114,909","13,948","24,839",722,460,4,2,718,458,3,-,715,458,3,-,3,-,-,-,"13,155","24,263","12,670","12,615",485,"11,648",171,"10,692",314,956,-,-,51,85,41,41,10,44,-,27,10,17,17,31,-,-,-,-,-,-,16,23,1,8,"124,107","90,070","101,367","60,793",4,6,-,-,4,6,"101,363","60,787","22,740","29,277",199,66,"22,541","29,211"
114年 5月底,"138,633","115,400","14,170","25,038",722,504,4,2,718,502,3,-,715,502,3,-,3,-,-,-,"13,375","24,411","12,876","12,742",499,"11,669",167,"10,680",332,989,-,-,53,93,43,41,10,52,-,29,10,23,17,30,-,-,-,-,-,-,16,23,1,7,"124,463","90,362","101,760","60,630",4,6,-,-,4,6,"101,756","60,624","22,703","29,732",199,65,"22,504","29,667"
114年 6月底,"139,480","116,644","14,477","25,645",722,542,4,2,718,540,3,1,715,539,3,-,3,-,-,-,"13,681","24,976","13,165","13,060",516,"11,916",172,"10,883",344,"1,033",-,-,54,96,44,42,10,54,-,31,10,23,17,31,-,-,-,-,-,-,16,23,1,8,"125,003","90,999","102,135","61,158",4,6,-,-,4,6,"102,131","61,152","22,868","29,841",199,65,"22,669","29,776"
114年 7月底,"140,547","117,042","14,852","26,063",734,559,4,2,730,557,3,1,727,556,3,1,3,1,-,-,"14,042","25,374","13,507","13,327",535,"12,047",180,"10,980",355,"1,067",-,-,56,97,46,42,10,55,-,31,10,24,17,32,-,-,-,-,-,-,16,23,1,9,"125,695","90,979","102,487","61,317",4,6,-,-,4,6,"102,483","61,311","23,208","29,662",197,64,"23,011","29,598"
114年 8月底,"141,680","116,722","15,337","26,517",758,577,7,2,751,575,3,1,748,574,3,1,3,1,-,-,"14,502","25,803","13,945","13,638",557,"12,165",189,"11,071",368,"1,094",-,-,57,104,47,44,10,60,-,35,10,25,17,32,-,-,-,-,-,-,16,23,1,9,"126,343","90,205","102,900","61,357",5,6,-,-,5,6,"102,895","61,351","23,443","28,848",195,63,"23,248","28,785"
114年 9月底,"142,949","116,206","15,894","27,127",776,604,7,2,769,602,3,-,766,602,3,1,3,1,-,-,"15,041","26,368","14,471","13,993",570,"12,375",196,"11,266",374,"1,109",-,-,57,121,47,44,10,77,-,46,10,31,17,33,-,-,-,-,-,-,16,23,1,10,"127,055","89,079","103,346","61,476",5,6,-,-,5,6,"103,341","61,470","23,709","27,603",195,63,"23,514","27,540"
114年 10月底,"143,861","116,561","16,087","27,283",796,627,7,2,789,625,3,-,786,625,3,1,3,1,-,-,"15,213","26,493","14,619","14,065",594,"12,428",193,"11,289",401,"1,139",-,-,58,127,48,45,10,82,-,51,10,31,17,35,-,-,-,-,-,-,16,23,1,12,"127,774","89,278","103,836","61,730",4,7,-,-,4,7,"103,832","61,723","23,938","27,548",195,62,"23,743","27,486"
114年 11月底,"144,811","117,483","16,449","27,592",869,691,7,2,862,689,3,5,859,684,3,2,3,1,-,1,"15,500","26,733","14,897","14,236",603,"12,497",192,"11,337",411,"1,160",-,-,60,131,49,45,11,86,-,55,11,31,17,35,-,-,-,-,-,-,16,23,1,12,"128,362","89,891","104,229","61,877",4,7,-,-,4,7,"104,225","61,870","24,133","28,014",196,62,"23,937","27,952"
114年 12月底,"146,740","119,420","17,535","28,711",919,800,7,2,912,798,3,7,909,791,3,5,3,1,-,4,"16,535","27,725","15,913","14,958",622,"12,767",196,"11,560",426,"1,207",-,-,61,146,49,51,12,95,-,63,12,32,17,35,-,-,-,-,-,-,16,23,1,12,"129,205","90,709","104,810","61,981",4,7,-,-,4,7,"104,806","61,974","24,395","28,728",196,62,"24,199","28,666"
115年底 (3月底),"149,342","120,383","18,983","30,160",986,960,7,2,979,958,3,11,976,947,3,5,3,1,-,4,"17,912","28,995","17,219","15,823",693,"13,172",212,"11,878",481,"1,294",-,-,65,165,51,53,14,112,-,80,14,32,17,35,-,-,-,-,-,-,16,23,1,12,"130,359","90,223","105,504","62,625",3,7,-,-,3,7,"105,501","62,618","24,855","27,598",192,57,"24,663","27,541"
115年 1月底,"147,228","118,880","17,696","28,867",932,852,7,2,925,850,3,7,922,843,3,5,3,1,-,4,"16,682","27,820","16,035","15,013",647,"12,807",203,"11,576",444,"1,231",-,-,62,155,50,51,12,104,-,72,12,32,17,35,-,-,-,-,-,-,16,23,1,12,"129,532","90,013","105,016","62,028",4,7,-,-,4,7,"105,012","62,021","24,516","27,985",194,59,"24,322","27,926"
115年 2月底,"147,773","118,917","17,952","29,015",944,913,7,2,937,911,3,8,934,903,3,5,3,1,-,4,"16,924","27,905","16,262","15,092",662,"12,813",205,"11,563",457,"1,250",-,-,64,157,51,51,13,106,-,74,13,32,17,35,-,-,-,-,-,-,16,23,1,12,"129,821","89,902","105,182","62,079",3,7,-,-,3,7,"105,179","62,072","24,639","27,823",192,58,"24,447","27,765"
115年 3月底,"149,342","120,383","18,983","30,160",986,960,7,2,979,958,3,11,976,947,3,5,3,1,-,4,"17,912","28,995","17,219","15,823",693,"13,172",212,"11,878",481,"1,294",-,-,65,165,51,53,14,112,-,80,14,32,17,35,-,-,-,-,-,-,16,23,1,12,"130,359","90,223","105,504","62,625",3,7,-,-,3,7,"105,501","62,618","24,855","27,598",192,57,"24,663","27,541"
,,,,,,,,,,,,,,,,,,,,,,,,,,,,,,,,,,,,,,,,,,,,,,,,,,,,,,,,,,,,,,,,,,,,,,,,
,,,,,,,,,,,,,,,,,,,,,,,,,,,,,,,,,,,,,,,,,,,,,,,,,,,,,,,,,,,,,,,,,,,,,,,,
"說明：1.本表所列數字以各月(年)底領有統一牌照車輛為限,軍車及未領牌照車輛均不在統計之內；",,,,,,,,,,,,,,,,,,,,,,,,,,,,,,,,,,,,,,,,,,,,,,,,,,,,,,,,,,,,,,,,,,,,,,,,
　　　　亦不包括臨時牌照車輛。,,,,,,,,,,,,,,,,,,,,,,,,,,,,,,,,,,,,,,,,,,,,,,,,,,,,,,,,,,,,,,,,,,,,,,,,
"　　　2.102年8月起實施逾10年老舊機車(出廠逾10年之老舊機車,經實際查核5年內無道路違規、",,,,,,,,,,,,,,,,,,,,,,,,,,,,,,,,,,,,,,,,,,,,,,,,,,,,,,,,,,,,,,,,,,,,,,,,
"　　　　無投保強制責任險、無環保排氣檢驗紀錄或未換發行照者)切結報廢,致機車數量減少。",,,,,,,,,,,,,,,,,,,,,,,,,,,,,,,,,,,,,,,,,,,,,,,,,,,,,,,,,,,,,,,,,,,,,,,,
"　　　3.110年7月起,「小客車營業」項下新增其他營業小客車分類,包括離島或偏遠地區路線客運",,,,,,,,,,,,,,,,,,,,,,,,,,,,,,,,,,,,,,,,,,,,,,,,,,,,,,,,,,,,,,,,,,,,,,,,
　　　　業者所使用之營業小客(貨)車及營業小型復康巴士。,,,,,,,,,,,,,,,,,,,,,,,,,,,,,,,,,,,,,,,,,,,,,,,,,,,,,,,,,,,,,,,,,,,,,,,,
　　　4.本表以改制後之行政區統計。,,,,,,,,,,,,,,,,,,,,,,,,,,,,,,,,,,,,,,,,,,,,,,,,,,,,,,,,,,,,,,,,,,,,,,,,
　　　5.使用燃料別定義說明。,,,,,,,,,,,,,,,,,,,,,,,,,,,,,,,,,,,,,,,,,,,,,,,,,,,,,,,,,,,,,,,,,,,,,,,,
,,,,,,,,,,,,,,,,,,,,,,,,,,,,,,,,,,,,,,,,,,,,,,,,,,,,,,,,,,,,,,,,,,,,,,,,
,,,,,,,,,,,,,,,,,,,,,,,,,,,,,,,,,,,,,,,,,,,,,,,,,,,,,,,,,,,,,,,,,,,,,,,,
