序號,餐廳類別,餐廳名稱,餐廳電話,分機,手機號碼,餐廳地址,額外環保作為
1,環保餐廳,《扶風堂》披薩。義麵。吉拉朵,(02)27153377,,,臺北市松山區敦化北路165巷5號1樓,"環境管理, 惜食(善用食材), 環境教育"
2,環保餐廳,6：35 Brunch & Dinner(大安旗艦店),(02)23770100,,,臺北市大安區復興南路二段288號,環境管理
3,環保餐廳,88號樂章-88 La Plaza,(02)27943800,,,臺北市內湖區民善街88號5樓,"環境管理, 綠色採購"
4,環保餐廳,Aunt Stella 詩特莉,(02)87721638,,,臺北市大安區忠孝東路三段300號B3,"環境管理, 源頭減量, 惜食(善用食材)"
5,環保餐廳,AW Cafe Wine Bistro,(02)27012498,,,臺北市信義區信義路四段115-2號,"環境管理, 綠色採購, 食材及餐點, 源頭減量, 惜食(打包服務), 惜食(善用食材), 環境教育"
6,環保餐廳,BaganHood 蔬食餐酒館,(02)37622557,,,臺北市信義區忠孝東路四段553巷46弄11號,"惜食(善用食材), 環境教育"
7,環保餐廳,Bar. Tender 八天餐酒館,(02)27782105,,,臺北市大安區復興南路一段107巷5弄2號,"環境管理, 源頭減量"
8,環保餐廳,Bea's Bistro 美式餐館,(02)23918827,,,臺北市大安區潮州街133號,"環境管理, 惜食(善用食材), 環境教育"
9,環保餐廳,Blooming 花漾蒔光,(02)25460909,,,臺北市松山區復興北路313巷38號,環境管理
10,環保餐廳,Blue磚塊義法廚房,(02)23110070,,,臺北市萬華區武昌街二段83之8號,環境管理
11,環保餐廳,Camo咖啡,(02)33433931,,,臺北市大安區和平東路一段129號,"環境管理, 綠色採購, 源頭減量, 惜食(善用食材), 環境教育"
12,環保餐廳,Capricciosa卡布里喬莎(天母SOGO店),(02)28332558,,,臺北市士林區中山北路六段77號8F,"環境管理, 綠色採購, 源頭減量, 惜食(善用食材), 環境教育"
13,環保餐廳,Chao?炒炒蔬食熱炒,(02)27753005,,,臺北市大安區大安路一段52巷21號,"環境管理, 綠色採購, 源頭減量, 惜食(善用食材)"
14,環保餐廳,Chinese Whispers 悄悄話餐酒館,(02)27783988,,,臺北市大安區仁愛路四段345巷2弄11號,環境管理
15,環保餐廳,COFFEE LOVER's PLANET,(02)27524157,,,臺北市大安區敦化南路一段246號B1,"環境管理, 綠色採購, 源頭減量, 惜食(善用食材), 環境教育"
16,環保餐廳,Coming Bistro,(02)27479225,,,臺北市松山區光復南路55號1樓,環境管理
17,環保餐廳,CYCLO 洛城 忠孝門市,(02)27782569,,,臺北市大安區大安路一段75巷9號,"環境管理, 綠色採購, 環境教育"
18,環保餐廳,EN和食(復興SOGO店),(02)77450796,,,臺北市大安區忠孝東路三段300號11樓,--
19,環保餐廳,EN壽司．和食,(02)27730246,,,臺北市大安區敦化南路一段246號B2,"環境管理, 綠色採購, 源頭減量, 惜食(善用食材), 環境教育"
20,環保餐廳,Fun 心 caf?,(02)27125565,,,臺北市松山區敦化北路244巷29號1樓,"環境管理, 綠色採購, 源頭減量, 惜食(善用食材), 環境教育"
21,環保餐廳,GUSTOSO,(02)77269099,,,臺北市大安區敦化南路一段331號,"環境管理, 綠色採購, 源頭減量, 惜食(善用食材), 環境教育"
22,環保餐廳,inn cafe x 台北師大店,(02)23690055,,,臺北市大安區龍泉街7號,"環境管理, 綠色採購"
23,環保餐廳,JeeWoo吉屋,(02)23918563,,,臺北市大安區金華街145號,"環境管理, 綠色採購, 源頭減量, 環境教育"
24,環保餐廳,KANPAI CLASSIC 天母店,(02)28771550,,,臺北市士林區台北市士林區忠誠路二段 200 號 2 樓,"環境管理, 源頭減量"
25,環保餐廳,Lady nara台北忠孝SOGO店,(02)27712585,,,臺北市大安區忠孝東路四段45號12樓,"環境管理, 綠色採購, 源頭減量, 惜食(善用食材), 環境教育"
26,環保餐廳,LIFE KITCHEN,(02)27931818,,,臺北市內湖區新湖三路134號,"環境管理, 綠色採購, 源頭減量, 惜食(善用食材)"
27,環保餐廳,Los TOAST 洛城吐司,(02)28208206,,,臺北市北投區實踐街82巷6號,"源頭減量, 惜食(善用食材)"
28,環保餐廳,Machikaka 智允餐飲,(02)27772777,,,臺北市中山區南京東路三段216巷4號一樓,環境管理
29,環保餐廳,Mama Inca印加媽媽 秘魯餐館,(02)27092832,,,臺北市大安區瑞安街31巷1-1號,"環境管理, 綠色採購, 惜食(善用食材), 環境教育, 8"
30,環保餐廳,Maya Bistro 瑪亞餐酒,(02)25850305,,,臺北市中山區雙城街46巷1號1樓,"環境管理, 綠色採購, 源頭減量, 惜食(善用食材)"
31,環保餐廳,meet蘋果咖啡館,(02)23820025,,,臺北市中正區博愛路86號,環境管理
32,環保餐廳,Mentari萌太利(微風台大醫院商場),(02)23952298,8123,,臺北市中正區中山南路77號B1F,"環境管理, 環境教育"
33,環保餐廳,Miso微笑韓國料理,(02)23670281,,,臺北市大安區金山南路二段6號,環境管理
34,環保餐廳,mister donut,(02)23816949,,,臺北市萬華區台北市萬華區桂林路1號,環境管理
35,環保餐廳,Mos摩斯漢堡(北榮美食街),(02)28710185,,,臺北市北投區石牌路二段201號生活廣場,"環境管理, 綠色採購, 食材及餐點, 源頭減量, 惜食(打包服務), 惜食(善用食材), 環境教育"
36,環保餐廳,Mos摩斯漢堡(微風台大醫院商場),(02)23952298,8140,,臺北市中正區中山南路77號B1F,"環境管理, 環境教育"
37,環保餐廳,N° 168 PRIME,(02)66176168,,,臺北市大安區敦化南路一段246號7F,"環境管理, 綠色採購, 源頭減量, 惜食(善用食材), 環境教育"
38,環保餐廳,Nara Thai Cuisine 台北忠孝SOGO 店,(02)27718939,,,臺北市大安區忠孝東路四段45號11樓,"環境管理, 綠色採購, 源頭減量, 惜食(善用食材), 環境教育"
39,環保餐廳,OEC蚌麵,(02)23117819,,,臺北市中正區台北市中正區中山南路8號B1,環境管理
40,環保餐廳,omo cafe （天母SOGO店）,(02)28341668,,,臺北市士林區中山北路六段77號5樓,"環境管理, 綠色採購, 源頭減量, 惜食(善用食材), 環境教育"
41,環保餐廳,Oohchacha自然食(古亭店),(02)23677133,,,臺北市中正區南昌路二段207號,"環境管理, 惜食(善用食材), 環境教育"
42,環保餐廳,PAI CAF? & LIFE,,,971168198,臺北市松山區八德路二段366巷11號,"環境管理, 源頭減量, 惜食(善用食材)"
43,環保餐廳,PAI Coffee,(02)25179787,,,臺北市中山區民生東路二段147巷6弄1號,"環境管理, 源頭減量, 惜食(善用食材), 環境教育"
44,環保餐廳,PARADE 和巴黎人吃一樣的日常,(02)27110800,,,臺北市大安區忠孝東路四段170巷11號,環境管理
45,環保餐廳,pd by petit doux 忠孝SOGO店,(02)27213008,,,臺北市大安區台北市大安區忠孝東路四段45號 11樓(忠孝SOGO百貨),"環境管理, 綠色採購, 源頭減量"
46,環保餐廳,petit doux 微兜  永康店,(02)23951336,,,臺北市大安區台北市大安區信義路二段 198 巷 7-3 號1樓,"環境管理, 綠色採購, 源頭減量"
47,環保餐廳,petit doux 微兜  京站店,(02)77290009,,,臺北市大同區台北市大同區承德路一段1號1樓,"環境管理, 綠色採購, 源頭減量"
48,環保餐廳,PINK SALT｜披薩｜義麵 ,(02)27564233,,,臺北市信義區忠孝東路五段423巷28號,"環境管理, 惜食(善用食材), 環境教育"
49,環保餐廳,Plants,(02)27845677,,,臺北市大安區復興南路1段253巷10號1樓,"環境管理, 綠色採購, 食材及餐點, 源頭減量, 惜食(打包服務), 惜食(善用食材), 環境教育"
50,環保餐廳,PRIME ONE 牛排館,(02)23143300,3368,,臺北市中正區中華路二段1號,"環境管理, 綠色採購, 惜食(善用食材)"
51,環保餐廳,Q Burger士林大南店,(02)28820058,,,臺北市士林區大南路315號1樓,--
52,環保餐廳,Q Burger士林延平店,(02)28110658,,,臺北市士林區延平北路五段179號,--
53,環保餐廳,Q Burger士林忠義店,(02)28343148,,,臺北市士林區忠義街113-1號一樓,--
54,環保餐廳,Q Burger士林社子店,(02)28168058,,,臺北市士林區社子街36號,--
55,環保餐廳,Q Burger士林通河店,(02)28853848,,,臺北市士林區通河街125號,--
56,環保餐廳,Q Burger大同大龍店,(02)25996128,,,臺北市信義區大龍街150號,--
57,環保餐廳,Q Burger大安樂業店,(02)27360209,,,臺北市大安區樂業街153號,--
58,環保餐廳,Q Burger大橋頭店,(02)25500147,,,臺北市信義區民權西路226號,--
59,環保餐廳,Q Burger中山中原店,(02)25232521,,,臺北市中山區中原街41號1樓,--
60,環保餐廳,Q Burger中山天祥店,(02)25311238,,,臺北市中山區天祥路22號1樓,--
61,環保餐廳,Q Burger中山吉林店,(02)25910182,,,臺北市士林區吉林路397號,--
62,環保餐廳,Q Burger中山復興店,(02)25090565,,,臺北市中山區復興北路514巷34號一樓,--
63,環保餐廳,Q Burger中山農安店,(02)25150024,,,臺北市中山區農安街170號1樓、地下室,"環境管理, 綠色採購, 源頭減量, 環境教育"
64,環保餐廳,Q Burger中山榮星店,(02)25016190,,,臺北市中山區行仁里五常街63號,--
65,環保餐廳,Q Burger中山錦州店,(02)25222997,,,臺北市中山區吉林路205號,--
66,環保餐廳,Q Burger中正寧波店,(02)23325085,,,臺北市中正區寧波西街100號1樓,--
67,環保餐廳,Q Burger內湖金龍店,(02)27928292,,,臺北市內湖區金龍路74號,--
68,環保餐廳,Q Burger內湖星雲店,(02)27922009,,,臺北市內湖區星雲街14號,--
69,環保餐廳,Q Burger內湖達人店,(02)27909865,,,臺北市內湖區內湖路二段326號,--
70,環保餐廳,Q Burger內湖麗山店,(02)26276424,,,臺北市內湖區內湖路一段629巷41號1樓,"環境管理, 綠色採購, 源頭減量, 環境教育"
71,環保餐廳,Q Burger文山木新店,(02)29396817,,,臺北市文山區木新路二段229號,--
72,環保餐廳,Q Burger文山世新店,(02)22369201,,,臺北市文山區木柵路一段101號1樓及地下室,"環境管理, 綠色採購, 源頭減量, 環境教育"
73,環保餐廳,Q Burger文山景福店,(02)89351881,,,臺北市文山區景福街234號,--
74,環保餐廳,Q Burger文山景興店,(02)29320217,,,臺北市文山區景興路99號,--
75,環保餐廳,Q Burger文山萬隆店,(02)29331380,,,臺北市文山區萬隆里景福街4號1樓,--
76,環保餐廳,Q Burger文山福興店,(02)29308228,,,臺北市文山區福興路45號,"環境管理, 綠色採購, 源頭減量, 環境教育"
77,環保餐廳,Q Burger文山興隆店,(02)29371568,,,臺北市文山區興隆路四段112號,--
78,環保餐廳,Q Burger文山興德店,(02)29343805,,,臺北市文山區興隆路二段215之2號1樓,--
79,環保餐廳,Q Burger北投大興店,(02)28941027,,,臺北市北投區大興街48號,"環境管理, 綠色採購, 源頭減量, 環境教育"
80,環保餐廳,Q Burger北投中和店,(02)28915262,,,臺北市北投區中和街402號,--
81,環保餐廳,Q Burger北投立農店,(02)28236017,,,臺北市北投區立農街二段259號1樓,"環境管理, 綠色採購, 源頭減量, 環境教育"
82,環保餐廳,Q Burger北投知行店,(02)28585885,,,臺北市北投區知行路249號,"環境管理, 綠色採購, 源頭減量, 環境教育"
83,環保餐廳,Q Burger北投致遠店,(02)28250606,,,臺北市北投區致遠一路一段95號,--
84,環保餐廳,Q Burger北投實踐店,(02)28250909,,,臺北市北投區實踐街61號,--
85,環保餐廳,Q Burger北投懷德店,(02)28202320,,,臺北市北投區建民路161-5號1樓,--
86,環保餐廳,Q Burger松山民生店,(02)25471072,,,臺北市松山區民生東路四段103號1樓,--
87,環保餐廳,Q Burger松山南京五店,(02)27565258,,,臺北市松山區南京東路五段250巷18弄2-1號,"環境管理, 綠色採購, 源頭減量, 環境教育"
88,環保餐廳,Q Burger松山撫遠店,(02)27533262,,,臺北市松山區撫遠街352號,--
89,環保餐廳,Q Burger信義永吉店,(02)27653337,,,臺北市信義區永吉路120巷1號1樓,--
90,環保餐廳,Q Burger信義吳興店,(02)27200965,,,臺北市信義區吳興街281巷59號,--
91,環保餐廳,Q Burger信義松山店,(02)27279620,,,臺北市信義區松山路465巷2號,--
92,環保餐廳,Q Burger信義松仁店,(02)27208119,,,臺北市信義區松仁路227號1樓,--
93,環保餐廳,Q Burger信義虎林店,(02)27279868,,,臺北市信義區信義路六段106號1樓,--
94,環保餐廳,Q Burger信義信安店,(02)87321008,,,臺北市信義區信安街127號,--
95,環保餐廳,Q Burger南港福德店,(02)26519876,,,臺北市南港區福德街312號1樓,--
96,環保餐廳,Q Burger萬華青年店,(02)23070701,,,臺北市萬華區青年路140號1樓,--
97,環保餐廳,Q Burger萬華國興店,(02)23056683,,,臺北市萬華區國興路98號,--
98,環保餐廳,Q Burger萬華雙園店,(02)23087655,,,臺北市萬華區雙園街15號,--
99,環保餐廳,Q Burger萬華寶興店,(02)23010052,,,臺北市萬華區寶興街149號1樓,--
100,環保餐廳,SAISON du SOLEIL,(02)27310258,,,臺北市大安區敦化南路一段246號B2,"環境管理, 綠色採購, 源頭減量, 惜食(善用食材), 環境教育"
101,環保餐廳,Sarabeth's,(02)27526998,,,臺北市大安區敦化南路一段246號B1,"環境管理, 綠色採購, 源頭減量, 惜食(善用食材), 環境教育"
102,環保餐廳,Sarabeth's 天母店,(02)28335669,,,臺北市士林區中山北路六段77號2樓,"環境管理, 環境教育"
103,環保餐廳,SKYLARK加州風洋食館-士林中山北店,(02)28837742,,,臺北市士林區台北市士林區中山北路5段565號,"環境管理, 食材及餐點, 源頭減量, 惜食(打包服務), 惜食(善用食材), 環境教育"
104,環保餐廳,SKYLARK加州風洋食館-內湖大潤發2店,(02)27966280,,,臺北市內湖區台北市內湖區舊宗路188號1樓,"環境管理, 食材及餐點, 源頭減量, 惜食(打包服務), 惜食(善用食材), 環境教育"
105,環保餐廳,SKYLARK加州風洋食館-和平公園店,(02)23756364,,,臺北市中正區台北市中正區懷寧街90號,"環境管理, 食材及餐點, 源頭減量, 惜食(打包服務), 惜食(善用食材), 環境教育"
106,環保餐廳,SKYLARK加州風洋食館-東湖康寧店,(02)26332850,,,臺北市內湖區台北市內湖區康寧路3段72號,"環境管理, 食材及餐點, 源頭減量, 惜食(打包服務), 惜食(善用食材), 環境教育"
107,環保餐廳,SKYLARK加州風洋食館-寶慶遠百店,(02)23754730,,,臺北市中正區台北市中正區寶慶路32號1樓(遠東百貨1樓),"環境管理, 食材及餐點, 源頭減量, 惜食(打包服務), 惜食(善用食材), 環境教育"
108,環保餐廳,Twinkle Twinkle Cafe & Brunch 小星星 早午餐&輕食,(02)23039889,,,臺北市萬華區中華路二段416巷84號,"環境管理, 綠色採購, 源頭減量, 惜食(善用食材)"
109,環保餐廳,UCC Caf? Mercado (天母SOGO店),(02)28350652,,,臺北市士林區中山北路六段77號B1樓,"環境管理, 源頭減量, 惜食(善用食材), 環境教育"
110,環保餐廳,UCC Caf? Mercado (忠孝SOGO店),(02)27416800,,,臺北市大安區忠孝東路四段45號B2,"環境管理, 食材及餐點, 源頭減量, 惜食(打包服務)"
111,環保餐廳,一雙牛肉麵,(02)23117819,,,臺北市中正區台北市中正區中山南路8號B1,環境管理
112,環保餐廳,九湯屋日本拉麵(台北南京店),(02)25813100,,,臺北市中山區南京東路一段132巷33號,"環境管理, 綠色採購, 源頭減量"
113,環保餐廳,二本餐廳,(02)87737033,,,臺北市大安區忠孝東路四段101巷27號,"環境管理, 綠色採購, 惜食(打包服務), 惜食(善用食材)"
114,環保餐廳,十八廚,(02)27547890,,,臺北市松山區興安街212號1樓,"環境管理, 綠色採購, 源頭減量, 環境教育"
115,環保餐廳,十六饗雀-泰式酸辣湯,(02)33651606,,,臺北市大安區師大路106號,"環境管理, 綠色採購, 源頭減量, 惜食(善用食材)"
116,環保餐廳,十里安?手麵 瑞光旗艦店,(02)87975398,,,臺北市內湖區台北市內湖區瑞光路413號,環境管理
117,環保餐廳,十勝石燒(北榮美食街),,,919329057,臺北市北投區石牌路二段201號生活廣場,"環境管理, 綠色採購, 食材及餐點, 源頭減量, 惜食(打包服務), 惜食(善用食材), 環境教育"
118,環保餐廳,三友拉麵(龍江店),(02)8772997,,,臺北市中山區龍江路93號,環境管理
119,環保餐廳,三合院 (忠孝SOGO店),(02)27816667,,,臺北市大安區忠孝東路四段45號11F,"環境管理, 綠色採購, 食材及餐點, 源頭減量, 惜食(打包服務), 惜食(善用食材), 環境教育"
120,環保餐廳,下港老麵攤(台師大店),,,966676673,臺北市大安區和平東路一段162號,"環境管理, 綠色採購, 源頭減量, 惜食(善用食材)"
121,環保餐廳,大井屋(微風．三總商店街),(02)87923311,10090,,臺北市內湖區成功路二段325號B1樓,環境管理
122,環保餐廳,大心新泰式麵食（天母SOGO店）,(02)28325366,,,臺北市士林區中山北路六段77號8樓,"環境管理, 源頭減量"
123,環保餐廳,大戶屋大安店,(02)89782668,,,臺北市大安區復興南路一段323號B1,"環境管理, 綠色採購, 源頭減量"
124,環保餐廳,大戶屋大葉?島屋店,(02)28326050,,,臺北市士林區忠誠路二段55號B1F,"環境管理, 綠色採購, 源頭減量"
125,環保餐廳,大戶屋台北凱撒店,(02)23612377,,,臺北市中正區忠孝西路一段38號B1,"環境管理, 綠色採購, 源頭減量"
126,環保餐廳,大戶屋民權東路一段店,(02)25958663,,,臺北市中山區民權東路一段9號B1,"環境管理, 綠色採購, 源頭減量"
127,環保餐廳,大戶屋行天宮站店,(02)25625811,,,臺北市中山區松江路276號2樓,"環境管理, 綠色採購, 源頭減量"
128,環保餐廳,大戶屋京站店,(02)25553255,,,臺北市大同區承德路一段1號B3,"環境管理, 綠色採購, 源頭減量"
129,環保餐廳,大戶屋忠孝復興店,(02)27785077,,,臺北市大安區忠孝東路四段52號2樓,"環境管理, 綠色採購, 源頭減量"
130,環保餐廳,大戶屋東湖店,(02)26338839,,,臺北市內湖區康寧路三段187號2樓,"環境管理, 綠色採購, 源頭減量"
131,環保餐廳,大戶屋松山車站店,(02)25287775,,,臺北市信義區松山路11號1樓,"環境管理, 綠色採購, 源頭減量"
132,環保餐廳,大戶屋南京復興店,(02)27715337,,,臺北市松山區南京東路三段258號2樓,"環境管理, 綠色採購, 源頭減量"
133,環保餐廳,大戶屋南港車站店,(02)26512778,,,臺北市南港區忠孝東路7段369號7樓,"環境管理, 綠色採購, 源頭減量"
134,環保餐廳,大戶屋美麗華店,(02)85012772,,,臺北市中山區敬業三路20號B1,"環境管理, 綠色採購, 源頭減量"
135,環保餐廳,大戶屋統一時代店,(02)89780886,,,臺北市信義區忠孝東路五段8號B2,"環境管理, 綠色採購, 源頭減量"
136,環保餐廳,大戶屋微風台北車站店,(02)23319337,,,臺北市中正區北平西路3號2樓(東3門),"環境管理, 綠色採購, 源頭減量"
137,環保餐廳,大戶屋微風廣場店,(02)87720835,,,臺北市松山區復興南路一段39號GF,"環境管理, 綠色採購, 源頭減量"
138,環保餐廳,大戶屋新北投店,(02)28951255,,,臺北市北投區中心里泉源路１２號２樓之１,"環境管理, 綠色採購, 源頭減量"
139,環保餐廳,大戶屋誠品南西店,(02)25311808,,,臺北市中山區南京西路14號B1,"環境管理, 綠色採購, 源頭減量"
140,環保餐廳,大地酒店-月兒彎彎,(02)55518888,,,臺北市北投區奇岩路1號,"環境管理, 源頭減量, 惜食(善用食材)"
141,環保餐廳,大地酒店-奇岩一號,(02)55518888,,,臺北市北投區奇岩路1號,"環境管理, 源頭減量, 惜食(善用食材)"
142,環保餐廳,大地酒店-喜歡廳,(02)55518888,,,臺北市北投區奇岩路一號,"環境管理, 源頭減量, 惜食(善用食材)"
143,環保餐廳,大根日本料亭,(02)25817776,,,臺北市中山區中山北路二段39巷14-1號,"環境管理, 源頭減量, 惜食(善用食材)"
144,環保餐廳,大衛小小羊,(02)28619668,,,臺北市士林區國泰街9號,"環境管理, 惜食(善用食材)"
145,環保餐廳,小小蔬房,(02)23111168,,,臺北市萬華區漢口街二段125號,"環境管理, 綠色採購, 環境教育"
146,環保餐廳,小南門(微風台大醫院商場),(02)23952298,8120,,臺北市中正區中山南路77號B1F,"環境管理, 環境教育"
147,環保餐廳,小南門/小南門點心世界(北榮美食街),(02)28751220,,,臺北市北投區石牌路二段201號生活廣場,"環境管理, 綠色採購, 食材及餐點, 源頭減量, 惜食(打包服務), 惜食(善用食材), 環境教育"
148,環保餐廳,小南門傳統豆花(微風．三總商店街),(02)87923311,10022,,臺北市內湖區成功路二段325號B1樓,環境管理
149,環保餐廳,小拾聚 餐食館,(02)27388980,,,臺北市大安區復興南路二段325號,"環境管理, 綠色採購, 源頭減量, 惜食(善用食材), 環境教育, 8"
150,環保餐廳,小醉好(信義店)|法式下午茶Day Drink & 小餐酒館,(02)27566629,,,臺北市信義區忠孝東路五段61號,"環境管理, 惜食(善用食材), 環境教育"
151,環保餐廳,山?咖啡,(02)28939325,,,臺北市北投區溫泉路110-1號1樓,"環境管理, 綠色採購, 源頭減量, 惜食(善用食材), 環境教育"
152,環保餐廳,中東人的私房菜,(02)28330117,,,臺北市士林區忠義街117-3號1樓,"環境管理, 綠色採購, 源頭減量, 惜食(善用食材)"
153,環保餐廳,中國人壽總部員工餐廳(自有),(02)27196678,1991,,臺北市松山區敦化北路135號B2,"環境管理, 綠色採購, 環境教育, 8"
154,環保餐廳,中國信託內湖行政大樓員工餐廳,(02)81787777,,,臺北市內湖區安康路22巷33號4樓,"環境管理, 綠色採購"
155,環保餐廳,中國信託金融園區員工餐廳,(02)33277777,8922,,臺北市南港區經貿二路168號4樓,"環境管理, 綠色採購"
156,環保餐廳,中崙涼麵,(02)27188177,,,臺北市松山區八德路三段12巷5弄30號,"環境管理, 綠色採購, 源頭減量, 惜食(善用食材), 環境教育"
157,環保餐廳,天下奇冰,(02)25867867,,,臺北市大同區重慶北路三段232號1樓,環境管理
158,環保餐廳,天下食堂,(02)27771163,,,臺北市中山區安東街4之5號,環境管理
159,環保餐廳,日本橋海鮮丼?半Tsujihan( SOGO復興店),(02)77553346,,,臺北市大安區忠孝東路3段300號B2,環境管理
160,環保餐廳,王品餐飲股份有限公禾七台北家樂福桂林店,(02)77074941,,,臺北市萬華區桂林路1號4樓,環境管理
161,環保餐廳,王鍋屋逸仙創始總店,(02)27588380,,,臺北市信義區逸仙路50巷20號1樓,環境管理
162,環保餐廳,功夫肉圓(微風台大醫院商場),(02)23952298,8148,,臺北市中正區中山南路77號B1F,"環境管理, 環境教育"
163,環保餐廳,包家小鎮(微風台大醫院商場),(02)23952298,8142,,臺北市中正區中山南路77號B1F,"環境管理, 環境教育"
164,環保餐廳,古拉爵 義式屋-欣欣百貨店,(02)25427680,,,臺北市中山區台北市中山區林森北路247號2樓,"環境管理, 食材及餐點, 源頭減量, 惜食(打包服務), 惜食(善用食材), 環境教育"
165,環保餐廳,古拉爵 義式屋-南港中信店,(02)27892688,,,臺北市南港區台北市南港區經貿二路166號2樓(中信總部A棟),"環境管理, 食材及餐點, 源頭減量, 惜食(打包服務), 惜食(善用食材), 環境教育"
166,環保餐廳,台北花園大酒店-花園thai thai,(02)23121000,,,臺北市中正區中華路二段1號,"環境管理, 綠色採購, 源頭減量, 惜食(善用食材)"
167,環保餐廳,永和樓中華料理店,(02)23772077,,,臺北市大安區和平東路二段118巷52弄3號,"環境管理, 環境教育"
168,環保餐廳,玉山銀行(第二總部大樓)員工餐廳,(02)21751313,8181,,臺北市松山區敦化北路315號,"環境管理, 綠色採購, 源頭減量, 環境教育"
169,環保餐廳,玉山銀行員工餐廳,(02)21751313,8139,,臺北市松山區民生東路三段117號,"環境管理, 綠色採購"
170,環保餐廳,甘物家 x 甘物日飲(桂林家樂福店),(02)23816607,,,臺北市萬華區萬華區桂林路1號,"環境管理, 綠色採購"
171,環保餐廳,甲大鴻港式燒臘(北榮美食街),,,976698108,臺北市北投區石牌路二段201號生活廣場,"環境管理, 綠色採購, 食材及餐點, 源頭減量, 惜食(打包服務), 惜食(善用食材), 環境教育"
172,環保餐廳,立馬吃一鍋。有機水產火鍋專賣,(02)27417668,,,臺北市大安區仁愛路四段27巷9號B1,"環境管理, 惜食(善用食材), 環境教育"
173,環保餐廳,丼賞和食??物vs刺身丼丼專門店,(02)25175526,,,臺北市中山區南京東路二段140號B1,"環境管理, 惜食(善用食材), 環境教育"
174,環保餐廳,伊勢路勝勢日式豬排(復興 SOGO店),(02)87729822,,,臺北市大安區忠孝東路三段300號10樓,"環境管理, 綠色採購, 源頭減量, 惜食(善用食材), 環境教育"
175,環保餐廳,再見 麵,(02)87730086,,,臺北市大安區忠孝東路三段205之1號,環境管理
176,環保餐廳,吉 天婦羅 (忠孝SOGO店),(02)27312518,,,臺北市大安區忠孝東路四段45號11F,"環境管理, 綠色採購, 食材及餐點, 源頭減量, 惜食(打包服務), 惜食(善用食材), 環境教育"
177,環保餐廳,向樂達工房(Caf? Chat Leopard 豹紋喵喵),(02)26256499,,,臺北市大同區蘭州街蘭州街14號1樓,"環境管理, 綠色採購, 食材及餐點, 源頭減量, 惜食(打包服務), 環境教育"
178,環保餐廳,在她家,,,922800097,臺北市大同區貴德街47－2號,"環境管理, 綠色採購, 食材及餐點, 源頭減量, 惜食(打包服務), 惜食(善用食材), 環境教育"
179,環保餐廳,好好吃大餛飩(微風．三總商店街),(02)87923311#1,10898,,臺北市內湖區成功路二段325號B1樓,環境管理
180,環保餐廳,好好吃大餛飩(微風台大醫院商場),(02)23952298#8,8121,,臺北市中正區中山南路77號B1F,"環境管理, 環境教育"
181,環保餐廳,安永鮮食(北榮美食街),,,989716832,臺北市北投區石牌路二段201號生活廣場,"環境管理, 綠色採購, 食材及餐點, 源頭減量, 惜食(打包服務), 惜食(善用食材), 環境教育"
182,環保餐廳,安永鮮食(微風台大醫院商場),(02)23952298#8,8122,,臺北市中正區中山南路77號B1F,"環境管理, 環境教育"
183,環保餐廳,成家小館,(02)29374611,,,臺北市文山區木新路三段154號,"綠色採購, 惜食(善用食材), 環境教育"
184,環保餐廳,成家小館(天母店),(02)28366668,,,臺北市士林區忠義街84號,環境管理
185,環保餐廳,成真咖啡（天母SOGO店）,(02)28368881,,,臺北市士林區士林區中山北路六段77號1樓,"環境管理, 綠色採購, 惜食(善用食材)"
186,環保餐廳,成真咖啡台北sogo復興店,(02)87723722,,,臺北市大安區忠孝東路三段300號9樓,"環境管理, 綠色採購, 源頭減量"
187,環保餐廳,有之和牛台北忠孝,(02)87851117,,,臺北市信義區110臺北市信義區忠孝東路五段497號1樓,"環境管理, 惜食(善用食材)"
188,環保餐廳,有點辣正宗麻辣串串鍋,(02)23111085,,,臺北市萬華區西寧南路285號1樓,環境管理
189,環保餐廳,朱記餡餅粥(天母SOGO店),(02)28353619,,,臺北市士林區中山北路6段77號8樓,"環境管理, 源頭減量, 惜食(善用食材)"
190,環保餐廳,朱記餡餅粥(微風台大醫院商場),(02)23952298#8,8114,,臺北市中正區中山南路77號B1F,"環境管理, 環境教育"
191,環保餐廳,朱記餡餅粥店,(02)26510264,,,臺北市南港區忠孝東路七段371號B1,"環境管理, 綠色採購, 源頭減量, 惜食(善用食材), 環境教育"
192,環保餐廳,老乾杯 信義店,(02)27253311,,,臺北市信義區台北市信義區松壽路9號8樓,"環境管理, 源頭減量"
193,環保餐廳,老乾杯 慶城店,(02)27139000,,,臺北市松山區台北市松山區慶城街29號1樓,"環境管理, 源頭減量"
194,環保餐廳,老乾杯(復興SOGO店),(02)27316555,,,臺北市大安區忠孝東路三段300號11樓,"環境管理, 源頭減量, 惜食(善用食材)"
195,環保餐廳,老乾杯大直忠泰店,(02)85025551,,,臺北市中山區樂群三路200號5樓,"環境管理, 源頭減量"
196,環保餐廳,老乾杯南西店,(02)25215255,,,臺北市中山區台北市中山區南京西路12號號7樓,"環境管理, 源頭減量"
197,環保餐廳,老莫派咖哩,(02)66039032,,,臺北市信義區忠孝東路四段553巷2弄7號,"環境管理, 綠色採購, 源頭減量, 惜食(善用食材)"
198,環保餐廳,老舅的家鄉味,(02)27181122,,,臺北市松山區復興北路307號,環境管理
199,環保餐廳,老董(微風．三總商店街),(02)87923311#1,10019,,臺北市內湖區成功路二段325號B1樓,環境管理
200,環保餐廳,老董牛肉麵(微風台大醫院商場),(02)23952298#8,8125,,臺北市中正區中山南路77號B1F,"環境管理, 環境教育"
201,環保餐廳,西雅圖極品咖啡(北榮美食街),(02)28760276,,,臺北市北投區石牌路二段201號生活廣場,"環境管理, 綠色採購, 食材及餐點, 源頭減量, 惜食(打包服務), 惜食(善用食材), 環境教育"
202,環保餐廳,西雅圖極品咖啡(微風．三總商店街),(02)87923311#1,10011,,臺北市內湖區成功路二段325號B1樓,環境管理
203,環保餐廳,吾家可歸朝食販賣部,(02)27599075,,,臺北市信義區大道路42巷21號,"環境管理, 綠色採購, 源頭減量"
204,環保餐廳,李記中式餐廳(微風．三總商店街),(02)87923311#1,10020,,臺北市內湖區成功路二段325號B1樓,環境管理
205,環保餐廳,李記港式燒臘,(02)82872296,,,臺北市中正區台北市中正區中山南路8號B1,環境管理
206,環保餐廳,沙渡垂陽碳烤(錦州店),,,903763566,臺北市中山區錦州街241巷1弄20號,"環境管理, 綠色採購, 源頭減量"
207,環保餐廳,芋品苑．先森吃麵,(02)87333373,,,臺北市信義區吳興街26號一樓,"環境管理, 源頭減量, 惜食(善用食材), 環境教育, 8"
208,環保餐廳,谷炭燒肉(市民店),(02)27119500,,,臺北市大安區市民大道四段12之2號,"環境管理, 綠色採購, 源頭減量"
209,環保餐廳,味?屋,(02)28283230,,,臺北市北投區實踐街67號,"源頭減量, 惜食(善用食材), 環境教育"
210,環保餐廳,咖食堂,(02)23965252,,,臺北市中正區八德路1段82巷9弄13號,"環境管理, 綠色採購, 環境教育"
211,環保餐廳,咖啡弄(士林店),(02)28883322,,,臺北市士林區台北市士林區中正路253號2樓,環境管理
212,環保餐廳,咖啡弄(站前店),(02)23883000,,,臺北市中正區館前路18號2樓,環境管理
213,環保餐廳,咖啡弄(敦化店),(02)27111910,,,臺北市大安區台北市大安區敦化南路一段187巷42號2樓,環境管理
214,環保餐廳,呷米蔬食 / 素食餐廳 Rice revolution vegetarian restaurant,(02)23319662,,,臺北市中正區衡陽路9號,"環境管理, 綠色採購, 食材及餐點, 源頭減量, 惜食(打包服務), 惜食(善用食材), 環境教育"
215,環保餐廳,幸福時光廚房,(02)23930255,,,臺北市中正區台北市中正區濟南路一段321號,"環境管理, 綠色採購, 源頭減量, 惜食(善用食材), 環境教育"
216,環保餐廳,幸福道小籠包(微風台大醫院商場),(02)23952298#8,8127,,臺北市中正區中山南路77號B1F,"環境管理, 環境教育"
217,環保餐廳,府宴餐廳,(02)27588950,,,臺北市信義區市府路1號B1,環境管理
218,環保餐廳,怡來養生食舖(微風．三總商店街),(02)87923311#1,10648,,臺北市內湖區成功路二段325號B1樓,環境管理
219,環保餐廳,房間餐酒 The Room Bistro,(02)27731665,,,臺北市大安區敦化南路一段160巷56號,"環境管理, 源頭減量"
220,環保餐廳,明德素食園(北榮美食街),(02)28739465,,,臺北市北投區石牌路二段201號生活廣場,"環境管理, 綠色採購, 食材及餐點, 源頭減量, 惜食(打包服務), 惜食(善用食材), 環境教育"
221,環保餐廳,明德素食園(微風．三總商店街),(02)87923311#1,10024,,臺北市內湖區成功路二段325號B1樓,環境管理
222,環保餐廳,明德素食園(微風台大醫院商場),(02)23952298#8,8117,,臺北市中正區中山南路77號B1F,"環境管理, 環境教育"
223,環保餐廳,杭州小籠湯包-民生店,(02)66130666,,,臺北市松山區民生東路三段118號,"環境管理, 綠色採購, 惜食(善用食材), 環境教育"
224,環保餐廳,東方饌黔天下(迪化),(02)25577872,,,臺北市大同區迪化街一段358-2號,環境管理
225,環保餐廳,欣豐自助餐(微風台大醫院商場),(02)23952298#8,8144,,臺北市中正區中山南路77號B1F,"環境管理, 環境教育"
226,環保餐廳,爭鮮迴轉壽司,(02)23812806,,,臺北市萬華區台北市萬華區桂林路1號1樓,環境管理
227,環保餐廳,芽米早午餐(木柵店),(02)29393166,,,臺北市文山區秀明路二段16號,"環境管理, 綠色採購, 環境教育"
228,環保餐廳,花蓮扁食(微風．三總商店街),(02)87923311#1,10607,,臺北市內湖區成功路二段325號B1樓,環境管理
229,環保餐廳,花蓮扁食(微風台大醫院商場),(02)23952298#8,8119,,臺北市中正區中山南路77號B1F,"環境管理, 環境教育"
230,環保餐廳,初點良食 Dim sum shop,,,989436972,臺北市中山區龍江路394巷2號,"環境管理, 綠色採購, 源頭減量, 惜食(善用食材)"
231,環保餐廳,金色三麥 UMAMI微風南山店,(02)27291229,,,臺北市信義區台北市信義區松智路17號7樓,"環境管理, 綠色採購, 源頭減量"
232,環保餐廳,金色三麥 台北京站店,(02)77370909,,,臺北市大同區台北市大同區承德路1段1號4樓,"環境管理, 綠色採購, 源頭減量"
233,環保餐廳,金色三麥 台北美麗華店,(02)21753739,,,臺北市中山區台北市中山區敬業3路20號5樓,"環境管理, 綠色採購, 源頭減量"
234,環保餐廳,金色三麥 信義誠品店,(02)87895911,,,臺北市信義區台北市信義區松高路11號B1,"環境管理, 綠色採購, 源頭減量"
235,環保餐廳,金色三麥南港CITYLINK店,(02)27827000,,,臺北市南港區台北市南港區忠孝東路七段299號C棟1樓,"環境管理, 綠色採購, 源頭減量"
236,環保餐廳,金春發牛肉店(昆陽店),(02)26538189,,,臺北市南港區忠孝東路六段372號,"環境管理, 綠色採購"
237,環保餐廳,金春發牛肉店(復北店),(02)25026806,,,臺北市中山區復興北路202號,"環境管理, 綠色採購"
238,環保餐廳,金澤美味壽司 (忠孝SOGO店),(02)87717770,,,臺北市大安區忠孝東路四段45號11F,"環境管理, 綠色採購, 食材及餐點, 源頭減量, 惜食(善用食材), 環境教育"
239,環保餐廳,阿瑪迪斯咖啡館,(02)87728679,,,臺北市大安區忠孝東路三段300號10樓,"環境管理, 源頭減量, 惜食(善用食材)"
240,環保餐廳,青青食尚花園會館,(02)28411996#3,309,,臺北市士林區至善路二段266巷32號,"環境管理, 綠色採購, 源頭減量, 惜食(善用食材), 環境教育, 8"
241,環保餐廳,非常泰（天母sogo 店）,(02)28310188,,,臺北市士林區中山北路六段77號8樓,"環境管理, 源頭減量"
242,環保餐廳,侯黑鍋物 酸菜小火鍋 Ho Hey Hot Pot,(02)25677889,,,臺北市中山區四平街19號,"環境管理, 綠色採購"
243,環保餐廳,恬園餐廳,(02)77122323#2,2110,,臺北市大安區新生南路三段30號,"環境管理, 綠色採購, 源頭減量, 惜食(善用食材), 環境教育"
244,環保餐廳,星巴克,(02)23616931,,,臺北市萬華區台北市萬華區桂林路1號,環境管理
245,環保餐廳,星辰牛排,(02)27217512,,,臺北市大安區光復南路180巷16號,"環境管理, 綠色採購, 源頭減量, 惜食(善用食材)"
246,環保餐廳,洪祖師擔仔麵(北榮美食街),,,920283013,臺北市北投區石牌路二段201號生活廣場,"環境管理, 綠色採購, 食材及餐點, 源頭減量, 惜食(打包服務), 惜食(善用食材), 環境教育"
247,環保餐廳,洗心壽司割烹,,,981295295,臺北市大安區敦化南路一段295巷9號,惜食(善用食材)
248,環保餐廳,炸雞大獅,(02)23813607,,,臺北市萬華區台北市萬華區桂林路1號,環境管理
249,環保餐廳,珍珠?子喫茶屋,(02)27973972,,,臺北市內湖區內湖路二段103巷38號,"環境管理, 綠色採購, 惜食(善用食材), 環境教育"
250,環保餐廳,皇家哥本哈根咖啡輕食複合店 (忠孝SOGO店),(02)27113362,,,臺北市大安區忠孝東路四段45號4F,"環境管理, 綠色採購, 食材及餐點, 源頭減量, 惜食(打包服務), 惜食(善用食材), 環境教育"
251,環保餐廳,皇家傳承(北榮美食街),(02)28747328,,,臺北市北投區石牌路二段201號生活廣場,"環境管理, 食材及餐點, 源頭減量, 惜食(打包服務), 惜食(善用食材), 環境教育"
252,環保餐廳,紅瓦厝懷舊風味餐坊,(02)28767407,,,臺北市士林區天母東路8巷67號,--
253,環保餐廳,紅豆食府,(02)87715511,,,臺北市大安區敦化南路一段246號B2,"環境管理, 綠色採購, 源頭減量, 惜食(善用食材), 環境教育"
254,環保餐廳,紅豆食府(天母SOGO店),(02)28332208,,,臺北市士林區中山北路六段77號8F,"環境管理, 綠色採購, 源頭減量, 惜食(善用食材), 環境教育"
255,環保餐廳,紅豆食府(北榮美食街),(02)28713068,,,臺北市北投區石牌路二段201號生活廣場,"環境管理, 綠色採購, 食材及餐點, 源頭減量, 惜食(打包服務), 惜食(善用食材), 環境教育"
256,環保餐廳,紅花鐵板燒(復興SOGO店),(02)27316555,,,臺北市大安區忠孝東路三段300號10樓,--
257,環保餐廳,美術系壽司(台北大安店),(02)27017989,,,臺北市大安區仁愛路四段300巷9弄4號,"環境管理, 綠色採購"
258,環保餐廳,美華閣湯包麵食館,(02)28977288,,,臺北市北投區大興街58號,環境管理
259,環保餐廳,美樂家速食坊,(02)23111298,,,臺北市中正區常德街1號B1,"環境管理, 惜食(善用食材), 環境教育"
260,環保餐廳,風尚咖啡廳,(02)88122323#2,2021,,臺北市大安區新生南路3段30號B1,"環境管理, 綠色採購, 源頭減量, 惜食(善用食材), 環境教育"
261,環保餐廳,食光/此拾此客,(02)23147302,,,臺北市萬華區昆明街214號,環境管理
262,環保餐廳,宮保王食品有限公司,(02)26519947,,,臺北市南港區南港路三段149巷49弄12號,"環境管理, 惜食(善用食材), 環境教育"
263,環保餐廳,島津和牛咖哩 (民生店),(02)27171007,,,臺北市松山區民生東路四段97巷1弄2號,環境管理
264,環保餐廳,徐州路2號庭園會館,(02)23928888,,,臺北市中正區徐州路2號,"環境管理, 源頭減量, 惜食(善用食材)"
265,環保餐廳,捌伍添第,(02)81010085,,,臺北市信義區信義路五段7號85號樓B側,"環境管理, 綠色採購, 源頭減量"
266,環保餐廳,書屋花甲(台大店),(02)23680824,,,臺北市大安區羅斯福路三段283巷20號1樓,"環境管理, 綠色採購, 源頭減量, 惜食(善用食材), 環境教育"
267,環保餐廳,泰迪農園咖哩,(02)87726099,,,臺北市大安區忠孝東路三段300號7樓,"環境管理, 綠色採購, 源頭減量, 惜食(善用食材), 環境教育"
268,環保餐廳,海底撈,(02)23146868,,,臺北市萬華區台北市萬華區桂林路1號4樓,環境管理
269,環保餐廳,海底撈火鍋,(02)87801855,,,臺北市信義區松智路17號2B,"環境管理, 惜食(善用食材)"
270,環保餐廳,烤肉工廠,(02)87717345,,,臺北市大安區忠孝東路四段216巷27弄2號,"源頭減量, 惜食(善用食材), 環境教育"
271,環保餐廳,真飽餐盒,(02)27720506,,,臺北市大安區延吉街70巷6弄3號,環境管理
272,環保餐廳,神樂家（忠孝SOGO店）,(02)89785666,,,臺北市大安區忠孝東路四段45號11樓,"環境管理, 綠色採購, 源頭減量, 環境教育"
273,環保餐廳,秘徑小食光,(02)33651995,,,臺北市大安區羅斯福路三段283巷3號,"環境管理, 源頭減量"
274,環保餐廳,財團法人福祿文化基金會北投文物館,(02)28912318#1,111,,臺北市北投區幽雅路32號,"環境管理, 綠色採購, 源頭減量, 惜食(善用食材)"
275,環保餐廳,鬥牛士(長安店),(02)27406660,,,臺北市中山區長安東路二段169之12號2樓,環境管理
276,環保餐廳,乾杯列車台北總站,(02)23618000,,,臺北市中正區北平西路3號2樓,"環境管理, 源頭減量"
277,環保餐廳,乾杯燒肉居酒屋 中山店,(02)25556110,,,臺北市大同區台北市大同區南京西路25巷2-1號,"環境管理, 源頭減量"
278,環保餐廳,乾杯燒肉居酒屋 本店,(02)87731150,,,臺北市大安區台北市大安區敦化南路一段236巷17號,"環境管理, 源頭減量"
279,環保餐廳,乾杯燒肉居酒屋 信義 ATT 店,(02)87860808,,,臺北市信義區台北市信義區松壽路12號3樓,"環境管理, 源頭減量"
280,環保餐廳,乾杯燒肉居酒屋 南港中信店,(02)27866066,,,臺北市南港區台北市南港區經貿二路186-1號2樓,"環境管理, 源頭減量"
281,環保餐廳,基督復臨安息日會醫療財團法人臺安醫院 嗎哪天然之味餐廳,(02)27718151#3,3120,,臺北市松山區八德路二段424號B1,"環境管理, 綠色採購, 食材及餐點, 源頭減量, 惜食(打包服務), 惜食(善用食材), 環境教育"
282,環保餐廳,敘日全日餐廳,(02)66156526,,,臺北市南港區忠孝東路七段359號7樓,"環境管理, 環境教育"
283,環保餐廳,梅居休閒農場,,,963083276,臺北市士林區平菁街43巷99號,"環境管理, 綠色採購, 食材及餐點, 源頭減量, 惜食(打包服務), 惜食(善用食材), 環境教育"
284,環保餐廳,涮乃葉-欣欣百貨店,(02)25416320,,,臺北市中山區台北市中山區林森北路247號2樓,"環境管理, 食材及餐點, 源頭減量, 惜食(打包服務), 惜食(善用食材), 環境教育"
285,環保餐廳,涮乃葉-信義遠百店,(02)27230698,,,臺北市信義區台北市信義區松仁路58號7樓,"環境管理, 食材及餐點, 源頭減量, 惜食(打包服務), 惜食(善用食材), 環境教育"
286,環保餐廳,涮乃葉-南港中信店,(02)26530155,,,臺北市南港區台北市南港區經貿二路188-1號2樓(中信總部C棟),"環境管理, 食材及餐點, 源頭減量, 惜食(打包服務), 惜食(善用食材), 環境教育"
287,環保餐廳,涮乃葉-統一時代市府店,(02)27230646,,,臺北市信義區台北市信義區忠孝東路5段8號3樓,"環境管理, 食材及餐點, 源頭減量, 惜食(打包服務), 惜食(善用食材), 環境教育"
288,環保餐廳,涮乃葉-寶慶遠百店,(02)23611258,,,臺北市中正區台北市中正區寶慶路32號6樓(遠東百貨6樓),"環境管理, 食材及餐點, 源頭減量, 惜食(打包服務), 惜食(善用食材), 環境教育"
289,環保餐廳,深紅鍋物,(02)87730035,,,臺北市大安區敦化南路一段246號B2,環境管理
290,環保餐廳,第一佳(微風台大醫院商場),(02)23952298#8,8111,,臺北市中正區中山南路77號B1F,"環境管理, 環境教育"
291,環保餐廳,第一銀行總行大樓員工餐廳,(02)23481520,,,臺北市中正區重慶南路一段30號21樓,"環境管理, 綠色採購, 惜食(善用食材), 環境教育"
292,環保餐廳,荷李活茶街 (忠孝SOGO店),(02)27780369,,,臺北市大安區忠孝東路四段45號2F,"環境管理, 綠色採購, 食材及餐點, 源頭減量, 惜食(打包服務), 惜食(善用食材), 環境教育"
293,環保餐廳,莆田 (忠孝SOGO店),(02)87710767,,,臺北市大安區忠孝東路四段45號12F,"環境管理, 綠色採購, 食材及餐點, 源頭減量, 惜食(打包服務), 惜食(善用食材), 環境教育"
294,環保餐廳,野橙咖啡,(02)27025522,,,臺北市大安區羅斯福路三段269巷6之1號,"環境管理, 綠色採購, 源頭減量"
295,環保餐廳,魚君 ????? 天母SOGO店,(02)88661170,,,臺北市士林區中山北路六段77號8樓,"環境管理, 綠色採購, 源頭減量, 環境教育"
296,環保餐廳,鳥作洋食,(02)27567966,,,臺北市信義區忠孝東路四段553巷16弄2號1樓,環境管理
297,環保餐廳,麥味登士林葫東,(02)28112112,,,臺北市士林區葫東街28-1號,"環境管理, 綠色採購, 源頭減量, 惜食(善用食材), 環境教育"
298,環保餐廳,麥味登大直北安羅伯,(02)85092968,,,臺北市中山區北安路595巷19號,"環境管理, 綠色採購, 源頭減量, 惜食(善用食材), 環境教育"
299,環保餐廳,麥味登內湖文湖,(02)87516996,,,臺北市內湖區文湖街49號,"環境管理, 綠色採購, 源頭減量, 惜食(善用食材), 環境教育"
300,環保餐廳,麥味登內湖光寶,,,979498491,臺北市內湖區瑞光路392號,"環境管理, 綠色採購, 源頭減量, 惜食(善用食材), 環境教育"
301,環保餐廳,麥味登內湖波士店,(02)26277311,,,臺北市內湖區內湖路一段411巷9弄4號,"環境管理, 綠色採購, 源頭減量, 惜食(善用食材), 環境教育"
302,環保餐廳,麥味登內湖星雲,(02)87920660,,,臺北市內湖區星雲街10號1F,"環境管理, 綠色採購, 源頭減量, 惜食(善用食材), 環境教育"
303,環保餐廳,麥味登內湖園區,(02)26275822,,,臺北市內湖區內湖路一段323巷30號,"環境管理, 綠色採購, 源頭減量, 惜食(善用食材), 環境教育"
304,環保餐廳,麥味登內湖新明,(02)27960603,,,臺北市內湖區新明路198號,"環境管理, 綠色採購, 源頭減量, 惜食(善用食材), 環境教育"
305,環保餐廳,麥味登內湖新湖,(02)27956995,,,臺北市內湖區新湖三路118號,"環境管理, 綠色採購, 源頭減量, 惜食(善用食材), 環境教育"
306,環保餐廳,麥味登內湖葫洲,(02)26333323,,,臺北市內湖區民權東路六段296巷67號,"環境管理, 綠色採購, 源頭減量, 惜食(善用食材), 環境教育"
307,環保餐廳,麥味登內湖旗艦,(02)26272227,,,臺北市內湖區文德路90巷43號,"環境管理, 綠色採購, 源頭減量, 惜食(善用食材), 環境教育"
308,環保餐廳,麥味登內湖碧湖,(02)87916778,,,臺北市內湖區金龍路107號,"環境管理, 綠色採購, 源頭減量, 惜食(善用食材), 環境教育"
309,環保餐廳,麥味登天母士東,(02)28712828,,,臺北市士林區士東路71號,"環境管理, 綠色採購, 源頭減量, 惜食(善用食材), 環境教育"
310,環保餐廳,麥味登文山木星好運,(02)29360988,,,臺北市文山區木新路三段315號,"環境管理, 綠色採購, 源頭減量, 惜食(善用食材), 環境教育"
311,環保餐廳,麥味登文山木新,(02)29398080,,,臺北市文山區木新路二段277號,"環境管理, 綠色採購, 源頭減量, 惜食(善用食材), 環境教育"
312,環保餐廳,麥味登文山世新,(02)29350818,,,臺北市文山區景興路288號,"環境管理, 綠色採購, 源頭減量, 惜食(善用食材), 環境教育"
313,環保餐廳,麥味登文山辛亥,(02)29315015,,,臺北市文山區辛亥路五段5號,"環境管理, 綠色採購, 源頭減量, 惜食(善用食材), 環境教育"
314,環保餐廳,麥味登文山政大,(02)29381314,,,臺北市文山區萬壽路25巷3號,"環境管理, 綠色採購, 源頭減量, 惜食(善用食材), 環境教育"
315,環保餐廳,麥味登文山滬江,(02)29351157,,,臺北市文山區羅斯福路六段455巷21號1樓,"環境管理, 綠色採購, 源頭減量, 惜食(善用食材), 環境教育"
316,環保餐廳,麥味登文山興隆,(02)29392619,,,臺北市文山區興隆路四段119號,"環境管理, 綠色採購, 源頭減量, 惜食(善用食材), 環境教育"
317,環保餐廳,麥味登文山饗食大亨,(02)29301098,,,臺北市文山區羅斯福路五段218巷25號,"環境管理, 綠色採購, 源頭減量, 惜食(善用食材), 環境教育"
318,環保餐廳,麥味登北市大安,(02)27017080,,,臺北市大安區大安路二段134號,"環境管理, 綠色採購, 源頭減量, 惜食(善用食材), 環境教育"
319,環保餐廳,麥味登北市大道,(02)27598668,,,臺北市信義區大道路50號,"環境管理, 綠色採購, 源頭減量, 惜食(善用食材), 環境教育"
320,環保餐廳,麥味登北市仁愛,(02)27037182,,,臺北市大安區仁愛路三段24巷1-6號,"環境管理, 綠色採購, 源頭減量, 惜食(善用食材), 環境教育"
321,環保餐廳,麥味登北市六張犁店,(02)27323011,,,臺北市信義區基隆路二段183號1樓,"環境管理, 綠色採購, 源頭減量, 惜食(善用食材), 環境教育"
322,環保餐廳,麥味登北市天秤獅,(02)27589477,,,臺北市信義區光復南路473巷29號,"環境管理, 綠色採購, 源頭減量, 惜食(善用食材), 環境教育"
323,環保餐廳,麥味登北市文山木柵店,(02)86617903,,,臺北市文山區木柵路三段55號,"環境管理, 綠色採購, 源頭減量, 惜食(善用食材), 環境教育"
324,環保餐廳,麥味登北市世貿莊敬店,(02)87861811,,,臺北市信義區莊敬路203號,"環境管理, 綠色採購, 源頭減量, 惜食(善用食材), 環境教育"
325,環保餐廳,麥味登北市台大,(02)23657279,,,臺北市中正區羅斯福路四段118號,"環境管理, 綠色採購, 源頭減量, 惜食(善用食材), 環境教育"
326,環保餐廳,麥味登北市台視店,(02)25795877,,,臺北市松山區八德路三段12巷5弄6號,"環境管理, 綠色採購, 源頭減量, 惜食(善用食材), 環境教育"
327,環保餐廳,麥味登北市民生,(02)27607148,,,臺北市松山區民生東路五段153-5號,"環境管理, 綠色採購, 源頭減量, 惜食(善用食材), 環境教育"
328,環保餐廳,麥味登北市民生延壽店,(02)27476967,,,臺北市松山區延壽街173號,"環境管理, 綠色採購, 源頭減量, 惜食(善用食材), 環境教育"
329,環保餐廳,麥味登北市民權,(02)25506676,,,臺北市大同區民權西路234號,"環境管理, 綠色採購, 源頭減量, 惜食(善用食材), 環境教育"
330,環保餐廳,麥味登北市永春,(02)27220602,,,臺北市信義區忠孝東路五段372巷27弄77-1號,"環境管理, 綠色採購, 源頭減量, 惜食(善用食材), 環境教育"
331,環保餐廳,麥味登北市同德,(02)27855330,,,臺北市南港區同德路54號,"環境管理, 綠色採購, 源頭減量, 惜食(善用食材), 環境教育"
332,環保餐廳,麥味登北市成功,(02)23075752,,,臺北市萬華區萬大路177號,"環境管理, 綠色採購, 源頭減量, 惜食(善用食材), 環境教育"
333,環保餐廳,麥味登北市百勝,(02)27584827,,,臺北市信義區吳興街281巷14號,"環境管理, 綠色採購, 源頭減量, 惜食(善用食材), 環境教育"
334,環保餐廳,麥味登北市西松,(02)85095201,,,臺北市松山區健康路325巷6弄2號,"環境管理, 綠色採購, 源頭減量, 惜食(善用食材), 環境教育"
335,環保餐廳,麥味登北市西門,(02)23717288,,,臺北市萬華區西寧南路24號,"環境管理, 綠色採購, 源頭減量, 惜食(善用食材), 環境教育"
336,環保餐廳,麥味登北市和平,(02)23652299,,,臺北市中正區廈門街75號,"環境管理, 綠色採購, 源頭減量, 惜食(善用食材), 環境教育"
337,環保餐廳,麥味登北市府捷運店,(02)27491801,,,臺北市信義區基隆路1段147巷12號,"環境管理, 綠色採購, 源頭減量, 惜食(善用食材), 環境教育"
338,環保餐廳,麥味登北市忠孝店,(02)23463923,,,臺北市信義區忠孝東路5段524巷6號,"環境管理, 綠色採購, 源頭減量, 惜食(善用食材), 環境教育"
339,環保餐廳,麥味登北市忠順,(02)29399358,,,臺北市文山區忠順街2段25號,"環境管理, 綠色採購, 源頭減量, 惜食(善用食材), 環境教育"
340,環保餐廳,麥味登北市昌吉,(02)25996761,,,臺北市大同區昌吉街27號,"環境管理, 綠色採購, 源頭減量, 惜食(善用食材), 環境教育"
341,環保餐廳,麥味登北市昆陽,(02)27883965,,,臺北市南港區昆陽街94號,"環境管理, 綠色採購, 源頭減量, 惜食(善用食材), 環境教育"
342,環保餐廳,麥味登北市松山,(02)27682899,,,臺北市信義區松山路241號,"環境管理, 綠色採購, 源頭減量, 惜食(善用食材), 環境教育"
343,環保餐廳,麥味登北市松仁,(02)27585197,,,臺北市信義區松仁路232號,"環境管理, 綠色採購, 源頭減量, 惜食(善用食材), 環境教育"
344,環保餐廳,麥味登北市松德,(02)27260169,,,臺北市信義區松德路193號,"環境管理, 綠色採購, 源頭減量, 惜食(善用食材), 環境教育"
345,環保餐廳,麥味登北市長安東,(02)25065763,,,臺北市中山區長安東路二段72號,"環境管理, 綠色採購, 源頭減量, 惜食(善用食材), 環境教育"
346,環保餐廳,麥味登北市長春,(02)25071770,,,臺北市中山區長春路238號,"環境管理, 綠色採購, 源頭減量, 惜食(善用食材), 環境教育"
347,環保餐廳,麥味登北市信義基隆店,(02)27327880,,,臺北市信義區基隆路二段131-2號,"環境管理, 綠色採購, 源頭減量, 惜食(善用食材), 環境教育"
348,環保餐廳,麥味登北市南京三民(togo外賣專門店),(02)27489768,,,臺北市松山區南京東路五段186號,"環境管理, 綠色採購, 源頭減量, 惜食(善用食材), 環境教育"
349,環保餐廳,麥味登北市重慶,(02)25593866,,,臺北市大同區重慶北路一段61號1F,"環境管理, 綠色採購, 源頭減量, 惜食(善用食材), 環境教育"
350,環保餐廳,麥味登北市神通,(02)25866260,,,臺北市中山區新生北路三段69-1號,"環境管理, 綠色採購, 源頭減量, 惜食(善用食材), 環境教育"
351,環保餐廳,麥味登北市健康店,(02)25148117,,,臺北市松山區健康路15巷13號,"環境管理, 綠色採購, 源頭減量, 惜食(善用食材), 環境教育"
352,環保餐廳,麥味登北市參食,(02)25782800,,,臺北市松山區光復北路60巷19-4號,"環境管理, 綠色採購, 源頭減量, 惜食(善用食材), 環境教育"
353,環保餐廳,麥味登北市國王,(02)25115091,,,臺北市中山區民生東路一段5號,"環境管理, 綠色採購, 源頭減量, 惜食(善用食材), 環境教育"
354,環保餐廳,麥味登北市國王二,(02)25312636,,,臺北市中山區長春路147-2號,"環境管理, 綠色採購, 源頭減量, 惜食(善用食材), 環境教育"
355,環保餐廳,麥味登北市通化,(02)27065066,,,臺北市大安區通安街54號,"環境管理, 綠色採購, 源頭減量, 惜食(善用食材), 環境教育"
356,環保餐廳,麥味登北市敦北,(02)27120158,,,臺北市松山區敦化北路222巷11號,"環境管理, 綠色採購, 源頭減量, 惜食(善用食材), 環境教育"
357,環保餐廳,麥味登北市敦南遠企店,(02)27035003,,,臺北市大安區敦化南路二段63巷5號,"環境管理, 綠色採購, 源頭減量, 惜食(善用食材), 環境教育"
358,環保餐廳,麥味登北市新生店,(02)23919493,,,臺北市中正區忠孝東路二段116號,"環境管理, 綠色採購, 源頭減量, 惜食(善用食材), 環境教育"
359,環保餐廳,麥味登北市新東興,(02)27476080,,,臺北市松山區八德路四段245巷36號,"環境管理, 綠色採購, 源頭減量, 惜食(善用食材), 環境教育"
360,環保餐廳,麥味登北市瑞安,(02)27077551,,,臺北市大安區瑞安街208巷26號,"環境管理, 綠色採購, 源頭減量, 惜食(善用食材), 環境教育"
361,環保餐廳,麥味登北市實踐,(02)25336934,,,臺北市中山區大直街70號,"環境管理, 綠色採購, 源頭減量, 惜食(善用食材), 環境教育"
362,環保餐廳,麥味登北市榮星花園,(02)25082251,,,臺北市中山區五常街85號,"環境管理, 綠色採購, 源頭減量, 惜食(善用食材), 環境教育"
363,環保餐廳,麥味登北市龍江1店,(02)77292550,,,臺北市中山區龍江路244號,"環境管理, 綠色採購, 源頭減量, 惜食(善用食材), 環境教育"
364,環保餐廳,麥味登北投奇岩,(02)28985212,,,臺北市北投區三合街二段463號,"環境管理, 綠色採購, 源頭減量, 惜食(善用食材), 環境教育"
365,環保餐廳,麥味登北投陽明,(02)28220198,,,臺北市北投區立農街二段275號,"環境管理, 綠色採購, 源頭減量, 惜食(善用食材), 環境教育"
366,環保餐廳,麥味登北投實踐,(02)28201888,,,臺北市北投區實踐街62號,"環境管理, 綠色採購, 源頭減量, 惜食(善用食材), 環境教育"
367,環保餐廳,麥味登北門塔城,(02)25522215,,,臺北市大同區塔城街48號,"環境管理, 綠色採購, 源頭減量, 惜食(善用食材), 環境教育"
368,環保餐廳,麥味登台北科大to-go 專門店,(02)87729001,,,臺北市大安區新生南路一段1號,"環境管理, 綠色採購, 源頭減量, 惜食(善用食材), 環境教育"
369,環保餐廳,麥味登台北陽光店,(02)27339595,,,臺北市信義區信安街155號,"環境管理, 綠色採購, 源頭減量, 惜食(善用食材), 環境教育"
370,環保餐廳,麥味登台北萬隆,(02)29356080,,,臺北市文山區羅斯福路五段233號,"環境管理, 綠色採購, 源頭減量, 惜食(善用食材), 環境教育"
371,環保餐廳,麥味登信義福德,(02)27271825,,,臺北市信義區福德街246號,"環境管理, 綠色採購, 源頭減量, 惜食(善用食材), 環境教育"
372,環保餐廳,麥味登南軟園區,(02)27833313,,,臺北市南港區新民街81號,"環境管理, 綠色採購, 源頭減量, 惜食(善用食材), 環境教育"
373,環保餐廳,麥味登景興饗食大亨,(02)29325657,,,臺北市文山區景興路40號,"環境管理, 綠色採購, 源頭減量, 惜食(善用食材), 環境教育"
374,環保餐廳,麥味登萬華雙園,(02)22123484,,,臺北市萬華區雙園街148號,"環境管理, 綠色採購, 源頭減量, 惜食(善用食材), 環境教育"
375,環保餐廳,麥味登萬華寶興,(02)23395976,,,臺北市萬華區寶興街109號,"環境管理, 綠色採購, 源頭減量, 惜食(善用食材), 環境教育"
376,環保餐廳,麻辣45 本店,(02)27253358,,,臺北市信義區台北市信義區忠孝東路五段 68 號 45 樓,"環境管理, 源頭減量"
377,環保餐廳,凱林鐵板燒,(02)87728551,,,臺北市大安區忠孝東路三段300號B2,"環境管理, 源頭減量, 惜食(善用食材)"
378,環保餐廳,凱基證券總公司員工餐廳(自有),(02)21818888,,,臺北市中山區成功里明水路700號4樓,"環境管理, 綠色採購, 環境教育"
379,環保餐廳,勝利廚房,(02)27766603,,,臺北市中山區八德路二段174巷28號1-2樓,"環境管理, 綠色採購, 源頭減量, 惜食(善用食材), 環境教育, 8"
380,環保餐廳,博多天麩羅山海,(02)27231885,,,臺北市信義區忠孝東路五段8號B2,"環境管理, 綠色採購, 源頭減量"
381,環保餐廳,喜陽鮮食(微風．三總商店街),(02)87923311#1,10023,,臺北市內湖區成功路二段325號B1樓,環境管理
382,環保餐廳,帽哥海味,,,915099822,臺北市信義區忠孝東路四段559巷16弄8號1樓,環境管理
383,環保餐廳,晶湯匙泰式主題餐廳,(02)87725006,,,臺北市大安區忠孝東路四段300號10樓,"環境管理, 綠色採購, 源頭減量, 環境教育"
384,環保餐廳,港都熱炒 中山旗艦店,(02)25221918,,,臺北市中山區民生東路一段52號,"環境管理, 綠色採購, 源頭減量, 環境教育"
385,環保餐廳,無二會所,(02)23917599,,,臺北市大安區杭州南路二段61巷12號,"環境管理, 綠色採購, 源頭減量, 環境教育"
386,環保餐廳,發肉燒肉餐酒(敦化本店),(02)27113331,,,臺北市松山區敦化北路4巷56號,"環境管理, 惜食(善用食材), 環境教育"
387,環保餐廳,華南銀行員工餐廳,(02)23713111#3,3233,,臺北市信義區松仁路123號3樓,"環境管理, 綠色採購, 源頭減量"
388,環保餐廳,貴陽柳州螺螄粉,(02)23612627,,,臺北市萬華區貴陽街二段36號,環境管理
389,環保餐廳,開飯川食堂,(02)27515618,,,臺北市大安區敦化南路一段246號B2,"環境管理, 綠色採購, 源頭減量, 惜食(善用食材), 環境教育"
390,環保餐廳,陽明山春天書食創作料理士林店,(02)28620178,,,臺北市士林區?山路119-1號,"環境管理, 綠色採購, 食材及餐點, 源頭減量, 惜食(打包服務), 惜食(善用食材), 環境教育"
391,環保餐廳,雲泰小鎮泰式料理,(02)23675625,,,臺北市中正區羅斯福路四段90巷2-2號,"源頭減量, 惜食(善用食材), 環境教育"
392,環保餐廳,黑毛屋 信義 ATT 店,(02)77362698,,,臺北市信義區台北市信義區松壽路 12 號 4 樓,"環境管理, 源頭減量"
393,環保餐廳,黑毛屋 南港中信店,(02)27865669,,,臺北市南港區台北市南港區經貿二路 186-1 號 2 樓,"環境管理, 源頭減量"
394,環保餐廳,黑毛屋大直忠泰店,(02)85025991,,,臺北市中正區樂群三路200號5樓,"環境管理, 源頭減量"
395,環保餐廳,黑毛屋天母SOGO店,(02)28366018,,,臺北市士林區中山北路6段77號8樓,"環境管理, 綠色採購, 源頭減量, 惜食(善用食材), 環境教育"
396,環保餐廳,黑毛屋本家 信義店,(02)27237722,,,臺北市信義區台北市信義區松高路 19 號 6 樓,"環境管理, 源頭減量"
397,環保餐廳,黑毛屋本家(復興SOGO店),(02)27315199,,,臺北市大安區忠孝東路三段300號11樓,"環境管理, 源頭減量, 惜食(善用食材)"
398,環保餐廳,黑毛屋微風台北車站店,(02)23751511,,,臺北市中正區北平西路 3 號 2 樓,"環境管理, 源頭減量"
399,環保餐廳,愛加倍餐廳,(02)22303518,,,臺北市文山區萬美街一段19巷5之1,"環境管理, 綠色採購, 惜食(善用食材), 環境教育"
400,環保餐廳,新盛員工餐廳,,,09-75236333,臺北市中正區忠孝東路一段12號B3,"環境管理, 綠色採購, 源頭減量, 惜食(善用食材), 環境教育"
401,環保餐廳,新葡苑（天母SOGO店）,(02)28366628,,,臺北市士林區中山北路6段77號8樓,"環境管理, 綠色採購, 源頭減量, 惜食(善用食材), 環境教育"
402,環保餐廳,新葡苑(復興SOGO店),(02)87720177,,,臺北市大安區忠孝東路三段300號10樓,--
403,環保餐廳,楊記(微風．三總商店街),(02)87923311#1,10077,,臺北市內湖區成功路二段325號B1樓,環境管理
404,環保餐廳,萬芳冰室-南京店,(02)27494069,,,臺北市松山區台北市松山區南京東路五段66巷16號,"環境管理, 綠色採購, 源頭減量, 惜食(善用食材), 環境教育"
405,環保餐廳,義美見學餐廳(北榮美食街),(02)28749302,,,臺北市北投區石牌路二段201號生活廣場,"環境管理, 綠色採購, 食材及餐點, 源頭減量, 惜食(打包服務), 惜食(善用食材), 環境教育"
406,環保餐廳,蜂蜜窩桌遊咖啡館,(02)27425922,,,臺北市松山區光復北路103巷38號,"環境管理, 惜食(善用食材)"
407,環保餐廳,詩特莉 Aunt Stella (忠孝SOGO店),(02)27403072,,,臺北市大安區忠孝東路四段45號B1,"環境管理, 綠色採購, 食材及餐點, 源頭減量, 惜食(打包服務), 惜食(善用食材), 環境教育"
408,環保餐廳,頌丹樂泰式伊善料理,(02)23882968,,,臺北市中正區北平西路3號2樓,"環境管理, 綠色採購, 源頭減量, 惜食(善用食材), 環境教育"
409,環保餐廳,彰化商業銀行員工餐廳,,,912525473,臺北市中山區中山北路二段57號13樓,"環境管理, 綠色採購, 惜食(善用食材), 環境教育"
410,環保餐廳,漢來名人坊,(02)87732111,,,臺北市大安區敦化南路一段246號4樓,"環境管理, 綠色採購, 源頭減量, 惜食(善用食材), 環境教育"
411,環保餐廳,漢來海港-天母店,(07)4128068,2,,臺北市士林區中山北路六段77號7F,"環境管理, 環境教育"
412,環保餐廳,漢來海港-敦化店,(07)4128068,1,,臺北市大安區敦化南路一段246號6樓,"環境管理, 環境教育"
413,環保餐廳,漢來蔬食 (忠孝SOGO店),(02)27311128,,,臺北市大安區忠孝東路四段45號11F,"環境管理, 綠色採購, 食材及餐點, 源頭減量, 惜食(打包服務), 惜食(善用食材), 環境教育"
414,環保餐廳,綠帶純植物烘焙,(02)27477668,,,臺北市松山區民生東路五段36巷8弄64號1樓,"環境管理, 綠色採購, 惜食(善用食材), 環境教育"
415,環保餐廳,翟記牛肉麵食館,(02)87717195,,,臺北市大安區通安街80號,環境管理
416,環保餐廳,聚 北海道鍋物 (忠孝SOGO店),(02)27218787,,,臺北市大安區忠孝東路四段45號11F,"環境管理, 綠色採購, 食材及餐點, 源頭減量, 惜食(善用食材), 環境教育"
417,環保餐廳,聚寶員工餐廳,(02)27156888,1560,,臺北市松山區敦化北路158號,"環境管理, 綠色採購, 源頭減量, 惜食(善用食材), 環境教育"
418,環保餐廳,臺灣企銀總行大樓員工餐廳,(02)25597171,2860,,臺北市大同區塔城街30號18樓,"環境管理, 源頭減量"
419,環保餐廳,蓋子普拉斯小餐館,(02)27118571,,,臺北市大安區忠孝東路三段10巷22號,"環境管理, 綠色採購, 源頭減量"
420,環保餐廳,遠東SOGO忠孝店員工餐廳,(02)27765555,1506,,臺北市大安區忠孝東路四段45號,"環境管理, 綠色採購, 源頭減量, 惜食(善用食材), 環境教育"
421,環保餐廳,廟口蚵仔煎(微風台大醫院商場),(02)23952298,8124,,臺北市中正區中山南路77號B1F,"環境管理, 環境教育"
422,環保餐廳,摩斯漢堡(天母SOGO店),(02)28343204,,,臺北市士林區中山北路六段77號,"環境管理, 綠色採購, 源頭減量, 惜食(善用食材), 環境教育"
423,環保餐廳,樂檸漢堡（忠孝敦化門市）,(02)87720607,,,臺北市大安區忠孝東路四段223巷47號,環境管理
424,環保餐廳,樂檸漢堡（信義遠百門市）,(02)27255260,,,臺北市信義區松仁路58號B3（A13 信義遠百 B3）,環境管理
425,環保餐廳,樂檸漢堡（南京三民門市）,(02)27620398,,,臺北市松山區光復北路11巷99-1號,環境管理
426,環保餐廳,蔬店手作鍋物復興店,(02)27311008,,,臺北市大安區復興南路一段107巷2號,"環境管理, 惜食(善用食材), 環境教育"
427,環保餐廳,蔬漫小姐Miss Shumaan.house,(02)27662386,,,臺北市信義區永吉路120巷82號1F,"環境管理, 綠色採購, 源頭減量, 惜食(善用食材), 環境教育"
428,環保餐廳,醉美餐酒水煙館 Drunk Night,,,909663981,臺北市大安區文昌街128號,"環境管理, 綠色採購"
429,環保餐廳,養心茶樓,(02)25428828,,,臺北市中山區松江路128號2樓,"環境管理, 源頭減量, 惜食(善用食材), 環境教育"
430,環保餐廳,曉鹿鳴樓上海菜,(02)23688994,,,臺北市大安區羅斯福路四段85號,"環境管理, 源頭減量, 惜食(善用食材), 環境教育"
431,環保餐廳,橫濱牛排-微風南京店,(02)87125575,,,臺北市松山區南京東路3段337號3樓,"環境管理, 食材及餐點, 源頭減量, 惜食(打包服務), 惜食(善用食材), 環境教育"
432,環保餐廳,燒肉Smile大安忠孝店,(02)27522000,,,臺北市大安區台北市大安區忠孝東路四段104號號2樓之1,"環境管理, 惜食(善用食材)"
433,環保餐廳,燒肉Smile台北內湖店,(02)26599555,,,臺北市內湖區台北市內湖區內湖路一段320號,惜食(善用食材)
434,環保餐廳,燒肉Smile台北忠孝,(02)87852227,,,臺北市信義區忠孝東路五段497號2樓,"環境管理, 惜食(善用食材)"
435,環保餐廳,築間幸福鍋物內湖成功,(02)27952275,,,臺北市內湖區114臺北市內湖區成功路4段34號1樓,"環境管理, 惜食(善用食材)"
436,環保餐廳,築間幸福鍋物北投石牌,(02)28289366,,,臺北市北投區112臺北市北投區石牌路一段160號,"環境管理, 惜食(善用食材)"
437,環保餐廳,築間幸福鍋物台北三民,(02)25289191,,,臺北市松山區105臺北市松山區三民路25號,"環境管理, 惜食(善用食材)"
438,環保餐廳,築間幸福鍋物台北內湖,(02)26561277,,,臺北市內湖區114台北市內湖區內湖路一段318號,"環境管理, 惜食(善用食材)"
439,環保餐廳,築間幸福鍋物台北西門町,(02)23310003,,,臺北市萬華區108臺北市萬華區昆明街92-1號2樓,"環境管理, 惜食(善用食材)"
440,環保餐廳,築間幸福鍋物台北忠孝一,(02)87852222,,,臺北市信義區110臺北市信義區忠孝東路五段695號,"環境管理, 惜食(善用食材)"
441,環保餐廳,築間幸福鍋物台北忠孝二,(02)27732727,,,臺北市大安區106臺北市大安區忠孝東路四段120號2樓,"環境管理, 惜食(善用食材)"
442,環保餐廳,築間幸福鍋物台北松江,(02)25068633,,,臺北市中山區104臺北市中山區松江路27號,"環境管理, 惜食(善用食材)"
443,環保餐廳,築間幸福鍋物台北南京一,(02)25429099,,,臺北市中山區104臺北市中山區南京東路一段138號1樓,"環境管理, 惜食(善用食材)"
444,環保餐廳,築間幸福鍋物台北南京二,(02)25429199,,,臺北市中山區104臺北市中山區南京東路一段138號2樓,"環境管理, 惜食(善用食材)"
445,環保餐廳,築間幸福鍋物台北南港,(02)26516268,,,臺北市南港區115臺北市南港區興中路56巷3號,"環境管理, 惜食(善用食材)"
446,環保餐廳,築間幸福鍋物台北復興南,(02)27525568,,,臺北市松山區105臺北市松山區復興南路一段1之1號,"環境管理, 惜食(善用食材)"
447,環保餐廳,築間幸福鍋物台北農安,(02)25911717,,,臺北市中山區104臺北市中山區農安街57號,"環境管理, 惜食(善用食材)"
448,環保餐廳,築間幸福鍋物台北雙城,(02)25960707,,,臺北市中山區104臺北市中山區雙城街34號1樓,"環境管理, 惜食(善用食材)"
449,環保餐廳,築間幸福鍋物信義世貿店,(02)27201555,,,臺北市信義區台北市信義區基隆路一段426號,惜食(善用食材)
450,環保餐廳,隨意吧(公企店),(02)23416777,,,臺北市大安區金華街187號1樓,"環境管理, 綠色採購, 源頭減量, 惜食(善用食材)"
451,環保餐廳,靜岡勝政日式豬排,(02)28363899,,,臺北市士林區中山北路六段77號8F,"環境管理, 綠色採購, 源頭減量, 惜食(善用食材), 環境教育"
452,環保餐廳,靜岡勝政豬排 南港環球店,(02)27865589,,,臺北市南港區忠孝東路七段371號B1,"環境管理, 綠色採購, 源頭減量, 惜食(善用食材), 環境教育"
453,環保餐廳,餡老滿(台北吉林店),(02)25672028,,,臺北市中山區松江路90巷23號,"環境管理, 綠色採購, 源頭減量, 惜食(善用食材)"
454,環保餐廳,餡老滿(南港旗艦店),(02)27893423,,,臺北市南港區經貿二路66號2樓,"環境管理, 綠色採購, 源頭減量, 惜食(善用食材)"
455,環保餐廳,默爾Pasta Pizza(信義誠品店),(02)27224660,,,臺北市信義區松高路11號5樓,"環境管理, 綠色採購, 食材及餐點, 源頭減量, 惜食(打包服務), 惜食(善用食材), 環境教育"
456,環保餐廳,龍江涼麵,(02)25062623,,,臺北市中山區龍江路356巷5號(近濱江市場),"環境管理, 綠色採購, 源頭減量, 惜食(善用食材)"
457,環保餐廳,龍凰號(微風．三總商店街),(02)87923311,10647,,臺北市內湖區成功路二段325號B1樓,環境管理
458,環保餐廳,優米自助餐(微風．三總商店街),(02)87923311,10021,,臺北市內湖區成功路二段325號B1樓,環境管理
459,環保餐廳,優喜-鍋物專門店,(02)27493636,,,臺北市信義區基隆路一段147巷5弄5號,"環境管理, 綠色採購"
460,環保餐廳,戲台酒館 Theater Trattoria,(02)23971920,,,臺北市中正區中山南路21-1號,環境管理
461,環保餐廳,禪風茶樓 Zen Tea Restaurant,(02)25678977,,,臺北市中山區松江路182號2樓,"環境管理, 惜食(善用食材), 環境教育"
462,環保餐廳,韓宮韓式料理,(02)25235380,,,臺北市中山區長安東路二段49之1號,"環境管理, 綠色採購, 源頭減量"
463,環保餐廳,點水樓(復興SOGO店),(02)87725089,,,臺北市大安區忠孝東路三段300號11樓,"環境管理, 源頭減量"
464,環保餐廳,薆悅精品inn cafe x 台北成都會館,(02)23751212,,,臺北市萬華區成都路27巷8號,"環境管理, 綠色採購, 源頭減量"
465,環保餐廳,藏粵閣,(02)28616661,,,臺北市士林區格致路237號2樓,"環境管理, 源頭減量, 惜食(善用食材)"
466,環保餐廳,藏壽司 大直ATT店,(02)77520835,,,臺北市中山區敬業三路123號2樓,"環境管理, 綠色採購, 源頭減量"
467,環保餐廳,藏壽司 中山南西店,(02)25565289,,,臺北市大同區南京西路57號2樓,"環境管理, 綠色採購, 源頭減量"
468,環保餐廳,藏壽司 台北館前店,(02)23316029,,,臺北市中正區館前路12號5樓,"環境管理, 綠色採購, 源頭減量"
469,環保餐廳,藏壽司 松江南京店,(02)25681519,,,臺北市中山區南京東路二段101號B1,"環境管理, 綠色採購, 源頭減量"
470,環保餐廳,藏壽司 信義ATT店,(02)77340800,,,臺北市信義區松壽路12號4樓,"環境管理, 綠色採購, 源頭減量"
471,環保餐廳,藏壽司 南港CITYLINK店,(02)26510266,,,臺北市南港區忠孝東路七段369號3樓,"環境管理, 綠色採購, 源頭減量"
472,環保餐廳,藏壽司 微風松高店,(02)27206900,,,臺北市信義區松高路16號B1,"環境管理, 綠色採購, 源頭減量"
473,環保餐廳,藝食知選,(02)28762882,,,臺北市士林區臺北市士林區天玉街81巷2號,"環境管理, 綠色採購, 惜食(善用食材), 環境教育"
474,環保餐廳,麵工坊大安店,(02)23776186,,,臺北市大安區和平東路二段118巷2弄1號1樓,"環境管理, 綠色採購, 源頭減量, 惜食(善用食材), 環境教育, 8"
475,環保餐廳,魔法咖哩,(02)23886298,,,臺北市中正區許昌街30號2樓,"環境管理, 源頭減量, 環境教育"
476,環保餐廳,鰻將劍持屋,(02)87728551,,,臺北市大安區忠孝東路三段300號B2,"環境管理, 源頭減量, 惜食(善用食材)"
477,環保餐廳,靈感咖啡,(02)23631371,,,臺北市大安區新生南路三段84-6號3樓,"環境管理, 綠色採購, 惜食(善用食材), 環境教育"
478,環保餐廳,讚豆工坊,,,982570320,臺北市大同區大龍街60號,環境管理
479,環保餐廳,?陸伍貳懷舊港式冰室,,,909037770,臺北市萬華區昆明街99號,綠色採購
